ID;CUSTOMFIELD;CUSTOMFIELDCONFIG;PARENTOPTIONID;SEQUENCE;customvalue;optiontype;disabled
10000;10000;10100;NULL;0;Hindernis;NULL;N
10100;10005;10203;NULL;0;Aufgaben;NULL;N
10101;10005;10203;NULL;1;In Arbeit;NULL;N
10102;10005;10203;NULL;2;Fertig;NULL;N
10204;10201;10503;NULL;0;ENTW;NULL;N
10205;10201;10503;NULL;1;TEST;NULL;N
10206;10201;10503;NULL;2;VPRD;NULL;N
10207;10201;10503;NULL;3;PROD;NULL;N
10304;10313;10617;NULL;0;Nein;NULL;N
10305;10316;10620;NULL;0;undefiniert;NULL;N
10319;10330;10635;NULL;0;Ja;NULL;N
10320;10330;10635;NULL;1;Nein;NULL;N
10321;10331;10636;NULL;0;Gesetzlich / Regulatorisch;NULL;N
10322;10331;10636;NULL;3;Strategisch;NULL;N
10323;10331;10636;NULL;1;Operativ dringlich;NULL;N
10324;10331;10636;NULL;2;Business Case;NULL;N
10325;10332;10637;NULL;0;Jahresplanung;NULL;N
10326;10332;10637;NULL;1;ChangeRequest;NULL;N
10327;10332;10637;NULL;2;AdHoc;NULL;N
10328;10333;10638;NULL;0;Neuentwicklung;NULL;N
10329;10333;10638;NULL;1;Weiterentwicklung;NULL;N
10330;10333;10638;NULL;2;Wartung;NULL;N
10600;10501;11301;NULL;0;2017;NULL;N
10603;10502;11302;NULL;5;AKAB;NULL;N
10604;10502;11302;NULL;1;Abrechnung FA;NULL;N
10605;10502;11302;NULL;4;Agtverw Agenturdatei;NULL;N
10606;10502;11302;NULL;6;Antragsbearb. Leben;NULL;N
10607;10502;11302;NULL;8;Archiv FileNET;NULL;N
10608;10502;11302;NULL;9;Archiv ImagePlus;NULL;N
10609;10502;11302;NULL;10;BABSY;NULL;N
10610;10502;11302;NULL;11;Berichte K-Dialog;NULL;N
10611;10502;11302;NULL;12;Berichte Kranken;NULL;N
10612;10502;11302;NULL;13;Berichte Leben;NULL;N
10613;10502;11302;NULL;14;Berichte NSS;NULL;N
10614;10502;11302;NULL;15;Berichte SAS;NULL;N
10615;10502;11302;NULL;16;Berichte VICOS;NULL;N
10616;10502;11302;NULL;18;Bestand Agt-BASTA;NULL;N
10617;10502;11302;NULL;19;Bestand FA-FUL/FAL;NULL;N
10618;10502;11302;NULL;20;Bestand FA-Schaden;NULL;N
10621;10502;11302;NULL;21;Bestand K-Dialog;NULL;N
10622;10502;11302;NULL;23;Bestand Kranken;NULL;N
10623;10502;11302;NULL;24;Bestand Leben;NULL;N
10624;10502;11302;NULL;25;Bestand Moped;NULL;N
10625;10502;11302;NULL;27;Bestand Rechtsschutz;NULL;N
10627;10502;11302;NULL;28;Bestand SYSKOM;NULL;N
10628;10502;11302;NULL;29;Bestandsübertragung;NULL;N
10629;10502;11302;NULL;30;Bestände SVS;NULL;N
10630;10502;11302;NULL;31;Betrugserkennung;NULL;N
10631;10502;11302;NULL;33;Buchhaltung AD;NULL;N
10633;10502;11302;NULL;35;Collaboration;NULL;N
10635;10502;11302;NULL;36;Dokumenten-Workflow;NULL;N
10636;10502;11302;NULL;38;Druck AFP;NULL;N
10637;10502;11302;NULL;39;Druckausgaben Leben;NULL;N
10638;10502;11302;NULL;40;Dynamischer SPOC;NULL;N
10639;10502;11302;NULL;44;EVB;NULL;N
10640;10502;11302;NULL;45;FA-Tablet;NULL;N
10641;10502;11302;NULL;46;Gebäudeinfosystem;NULL;N
10642;10502;11302;NULL;47;Geschäftsberichte;NULL;N
10643;10502;11302;NULL;50;INS;NULL;N
10644;10502;11302;NULL;51;ISB: Outputmanagem.;NULL;N
10647;10502;11302;NULL;52;ISBT: BTplus;NULL;N
10648;10502;11302;NULL;53;ISBT: Dat-vers.;NULL;N
10650;10502;11302;NULL;54;ISBT: Kundenportal;NULL;N
10651;10502;11302;NULL;55;ISBT: LKmobile;NULL;N
10653;10502;11302;NULL;56;ISBT: Prozessportal;NULL;N
10655;10502;11302;NULL;48;Inkassodokumente;NULL;N
10656;10502;11302;NULL;58;KAGB:GB-ERP-System;NULL;N
10657;10502;11302;NULL;59;KAP Grundbesitz;NULL;N
10658;10502;11302;NULL;60;KAP-HYPO;NULL;N
10659;10502;11302;NULL;61;KBM;NULL;N
10660;10502;11302;NULL;63;Kon-Schnittst KPRUEF;NULL;N
10661;10502;11302;NULL;64;Konzerndatenverarb.;NULL;N
10662;10502;11302;NULL;65;Kundenverw. ZAD/ZTI;NULL;N
10663;10502;11302;NULL;66;Leben AS400;NULL;N
10665;10502;11302;NULL;68;Mitarb-Vertragsschr.;NULL;N
10667;10502;11302;NULL;69;NAUGEMA gericht. MV;NULL;N
10668;10502;11302;NULL;70;NEG;NULL;N
10669;10502;11302;NULL;71;NISSY;NULL;N
10670;10502;11302;NULL;72;NOVEM;NULL;N
10671;10502;11302;NULL;73;NPS;NULL;N
10672;10502;11302;NULL;74;NZS;NULL;N
10675;10502;11302;NULL;75;PA Leben/NKV/Hypo;NULL;N
10676;10502;11302;NULL;76;PA SPE Superprov.;NULL;N
10678;10502;11302;NULL;78;PAI (PA APL Interfac;NULL;N
10679;10502;11302;NULL;85;PMdirekt;NULL;N
10681;10502;11302;NULL;87;Provisionstabellen;NULL;N
10682;10502;11302;NULL;88;Prozessmodelle;NULL;N
10683;10502;11302;NULL;93;SAP Anlagen;NULL;N
10684;10502;11302;NULL;94;SAP Basis;NULL;N
10685;10502;11302;NULL;97;SAP CRM;NULL;N
10686;10502;11302;NULL;99;SAP Hauptbuch;NULL;N
10687;10502;11302;NULL;100;SAP Konsolidierung;NULL;N
10688;10502;11302;NULL;101;SAP Kostenrechnung;NULL;N
10689;10502;11302;NULL;102;SAP Kreditor-Debitor;NULL;N
10690;10502;11302;NULL;103;SAP Lager;NULL;N
10691;10502;11302;NULL;104;SAP Materialwirtsch;NULL;N
10692;10502;11302;NULL;105;SAP Projektsystem;NULL;N
10693;10502;11302;NULL;107;SAP SRM;NULL;N
10694;10502;11302;NULL;106;SAP Spezielle Ledger;NULL;N
10695;10502;11302;NULL;108;SAP TAX FATCA;NULL;N
10696;10502;11302;NULL;109;SAP Unternehmensplan;NULL;N
10697;10502;11302;NULL;110;SAP Vertrieb;NULL;N
10698;10502;11302;NULL;111;SAP Vorsysteme;NULL;N
10699;10502;11302;NULL;17;Beschwerdemanagement;NULL;N
10701;10502;11302;NULL;117;SST-PDB-Leben;NULL;N
10702;10502;11302;NULL;118;STARIS Aktienbuch;NULL;N
10703;10502;11302;NULL;119;STV;NULL;N
10704;10502;11302;NULL;112;Schaden BOSS;NULL;N
10705;10502;11302;NULL;113;Schaden ELSA;NULL;N
10706;10502;11302;NULL;114;Server-Anwendung STT;NULL;N
10707;10502;11302;NULL;115;Sollstellungsdatei;NULL;N
10708;10502;11302;NULL;116;Solvency II;NULL;N
10709;10502;11302;NULL;122;TUS;NULL;N
10713;10502;11302;NULL;123;Vermittlerpost;NULL;N
10714;10502;11302;NULL;124;Vertriebsakte EVA;NULL;N
10715;10502;11302;NULL;125;WCMS;NULL;N
10716;10502;11302;NULL;126;Workflow Leben;NULL;N
10717;10502;11302;NULL;128;ZAS Zentrale Auszahl;NULL;N
10718;10502;11302;NULL;129;ZBS Zentraler Bankse;NULL;N
10719;10502;11302;NULL;130;ZFD Fondsdaten;NULL;N
10720;10502;11302;NULL;131;ZTS Terminsystem;NULL;N
10721;10502;11302;NULL;132;ZVS Zentrale Einzahl;NULL;N
10722;10502;11302;NULL;133;übergreifende Renta;NULL;N
10733;10502;11302;NULL;2;AE Infrastruktur;NULL;N
10734;10502;11302;NULL;3;AE-KON Infrastruktur;NULL;N
10735;10502;11302;NULL;32;BT4all;NULL;N
10736;10502;11302;NULL;43;Endkundenrechner;NULL;N
10737;10502;11302;NULL;120;Textservice;NULL;N
10738;10502;11302;NULL;121;Textverarbeitung ITV;NULL;N
10739;10324;10629;NULL;0;001 Neue Produkte Leben 2017/2018;NULL;N
10740;10324;10629;NULL;7;019 Prozessoptimierung SHU Gewerbe;NULL;N
10741;10324;10629;NULL;19;089 AKAB (Automatisierte Kundenanliegenbearbeitung);NULL;N
10742;10324;10629;NULL;24;096 Modernisierung ZAD;NULL;N
10747;10324;10629;NULL;61;WE AE-SERV 2017;NULL;N
10748;10324;10629;NULL;55;WA AE-SERV 2017;NULL;N
10749;10324;10629;NULL;59;WE AE-LK 2017;NULL;N
10750;10324;10629;NULL;53;WA AE-LK 2017;NULL;N
10800;10600;11402;NULL;0;Beschwerde;NULL;N
10801;10600;11402;NULL;1;Einzelanliegen;NULL;N
10802;10600;11402;NULL;2;strukturelle Optimierung;NULL;N
10803;10601;11403;NULL;0;AH;NULL;N
10804;10601;11403;NULL;1;GA;NULL;N
10805;10601;11403;NULL;2;M/MGA;NULL;N
10806;10602;11404;NULL;0;AE;NULL;N
10807;10602;11404;NULL;1;H-GV;NULL;N
10808;10602;11404;NULL;2;Inkasso;NULL;N
10809;10602;11404;NULL;3;Kfz Operations;NULL;N
10810;10602;11404;NULL;4;Kfz Produkte;NULL;N
10811;10602;11404;NULL;5;Kranken Operations;NULL;N
10812;10602;11404;NULL;6;Kranken Produkte;NULL;N
10813;10602;11404;NULL;7;Leben Operations;NULL;N
10814;10602;11404;NULL;8;Leben Produkte;NULL;N
10815;10602;11404;NULL;9;NSS;NULL;N
10816;10602;11404;NULL;10;Schaden;NULL;N
10817;10602;11404;NULL;11;SHU-P Operations;NULL;N
10818;10602;11404;NULL;12;SHU-SG;NULL;N
10819;10602;11404;NULL;13;S-GV;NULL;N
10820;10602;11404;NULL;14;S-TT;NULL;N
10821;10602;11404;NULL;15;Technik;NULL;N
10822;10602;11404;NULL;16;Sonstiges;NULL;N
10823;10603;11405;NULL;0;BAV;NULL;N
10824;10603;11405;NULL;1;BU;NULL;N
10825;10603;11405;NULL;2;BU-Leistung;NULL;N
10826;10603;11405;NULL;3;Extranet;NULL;N
10827;10603;11405;NULL;4;Haftpflicht;NULL;N
10828;10603;11405;NULL;5;Haftpflicht-Schaden;NULL;N
10829;10603;11405;NULL;6;Kfz-KH-Schaden;NULL;N
10830;10603;11405;NULL;7;Kfz-Kasko-Schaden;NULL;N
10831;10603;11405;NULL;8;Leben Ablauf;NULL;N
10832;10603;11405;NULL;9;Leben Leistung;NULL;N
10833;10603;11405;NULL;10;Sach-Schaden;NULL;N
10834;10603;11405;NULL;11;Unfall;NULL;N
10835;10603;11405;NULL;12;Unfall-Schaden;NULL;N
10836;10603;11405;NULL;13;VH;NULL;N
10837;10603;11405;NULL;14;VG;NULL;N
10838;10603;11405;NULL;15;Sonstiges;NULL;N
10839;10604;11406;NULL;0;Provisionsreklamation;NULL;N
10840;10604;11406;NULL;1;Bearbeitungszeit;NULL;N
10841;10604;11406;NULL;2;Bearbeitungsprozess;NULL;N
10842;10604;11406;NULL;3;fehlerhafte Bearbeitung;NULL;N
10843;10604;11406;NULL;4;fachliche Entscheidung;NULL;N
10844;10604;11406;NULL;5;Dienstleister;NULL;N
10845;10604;11406;NULL;6;Erreichbarkeit;NULL;N
10846;10604;11406;NULL;7;Prozessoptimierung;NULL;N
10847;10604;11406;NULL;8;technisches Problem;NULL;N
10848;10604;11406;NULL;9;Unfreundlichkeit Mitarbeiter;NULL;N
10849;10604;11406;NULL;10;Briefstil;NULL;N
10850;10604;11406;NULL;11;fehlende Entscheidung;NULL;N
10851;10604;11406;NULL;12;Annahmepolitik;NULL;N
10852;10604;11406;NULL;13;Entscheidungskompetenz;NULL;N
10853;10604;11406;NULL;14;Erscheinungsbild;NULL;N
10854;10604;11406;NULL;15;Lob;NULL;N
10855;10604;11406;NULL;16;Kapazitätsproblem;NULL;N
10856;10604;11406;NULL;17;Transparenz;NULL;N
10857;10604;11406;NULL;18;Vertrauensvolle Zusammenarbeit;NULL;N
10858;10604;11406;NULL;19;Wettbewerbsfähigkeit;NULL;N
10859;10604;11406;NULL;20;Sonstiges;NULL;N
10860;10605;11407;NULL;0;Beschwerde erledigt;NULL;N
10861;10605;11407;NULL;1;Anliegen umgesetzt;NULL;N
10862;10605;11407;NULL;2;Anliegen nicht umsetzbar;NULL;N
10863;10605;11407;NULL;3;Anliegen noch nicht umsetzbar;NULL;N
10864;10606;11408;NULL;0;ja;NULL;N
10865;10606;11408;NULL;1;nein;NULL;N
10866;10609;11411;NULL;0;Provisionsreklamation;NULL;N
10867;10609;11411;NULL;1;Bearbeitungszeit;NULL;N
10868;10609;11411;NULL;2;Bearbeitungsprozess;NULL;N
10869;10609;11411;NULL;3;fehlerhafte Bearbeitung;NULL;N
10870;10609;11411;NULL;4;fachliche Entscheidung;NULL;N
10871;10609;11411;NULL;5;Dienstleister;NULL;N
10872;10609;11411;NULL;6;Erreichbarkeit;NULL;N
10873;10609;11411;NULL;7;Prozessoptimierung;NULL;N
10874;10609;11411;NULL;8;technisches Problem;NULL;N
10875;10609;11411;NULL;9;Unfreundlichkeit Mitarbeiter;NULL;N
10876;10609;11411;NULL;10;Briefstil;NULL;N
10877;10609;11411;NULL;11;fehlende Entscheidung;NULL;N
10878;10609;11411;NULL;12;Annahmepolitik;NULL;N
10879;10609;11411;NULL;13;Entscheidungskompetenz;NULL;N
10880;10609;11411;NULL;14;Erscheinungsbild;NULL;N
10881;10609;11411;NULL;15;Lob;NULL;N
10882;10609;11411;NULL;16;Kapazitätsproblem;NULL;N
10883;10609;11411;NULL;17;Transparenz;NULL;N
10884;10609;11411;NULL;18;Vertrauensvolle Zusammenarbeit;NULL;N
10885;10609;11411;NULL;19;Wettbewerbsfähigkeit;NULL;N
10886;10609;11411;NULL;20;Sonstiges;NULL;N
10887;10610;11412;NULL;0;Berechtigt;NULL;N
10888;10610;11412;NULL;1;Unberechtigt;NULL;N
10889;10610;11412;NULL;2;noch nicht bekannt;NULL;N
10890;10611;11413;NULL;0;Führungskraft;NULL;N
10891;10611;11413;NULL;1;Vermittler;NULL;N
10892;10611;11413;NULL;2;Versicherungsnehmer;NULL;N
10894;10502;11302;NULL;37;Dokumentenarchiv;NULL;N
10895;10502;11302;NULL;49;Inputmanagement;NULL;N
10896;10502;11302;NULL;92;Rückversich.verw.;NULL;N
10897;10324;10629;NULL;1;002 Beratungsprozess (IDD);NULL;N
10898;10324;10629;NULL;2;007 Optimierung Jahresabschlussprozesse;NULL;N
10899;10324;10629;NULL;3;008 Neuorganisation Rückversicherung Leben;NULL;N
10900;10324;10629;NULL;4;009 Umsetzung PRIIP-VO;NULL;N
10901;10324;10629;NULL;5;010 Sicherungsbedarf LV und ZZR mit Storno-Kapitalwahl;NULL;N
10902;10324;10629;NULL;6;011 BWR-Beteiligung Konzepttarif;NULL;N
10904;10324;10629;NULL;8;020 Integration SHU Gewerbe bei Softfair (Bordmittel);NULL;N
10905;10324;10629;NULL;9;021 Neue FA-Tarife SHU 2017;NULL;N
10906;10324;10629;NULL;10;022 Verkauf SHUK-privat in Stamm über BT4All;NULL;N
10907;10324;10629;NULL;11;026 Sportect;NULL;N
10908;10324;10629;NULL;12;027 Neuer Firmentarif Sach-Grossgewerbe;NULL;N
10909;10324;10629;NULL;13;059 BANI;NULL;N
10910;10324;10629;NULL;14;066 Laufende AP Leben;NULL;N
10911;10324;10629;NULL;15;067 Systemgestütztes Controlling des Vertriebsbudgets_Stufe 1;NULL;N
10912;10324;10629;NULL;16;081 Neue Bestandsführung LV PoC Stufe 1 und 2;NULL;N
10913;10324;10629;NULL;17;085 Outputmanagement (Phase 1);NULL;N
10914;10324;10629;NULL;18;086 Archiv 2.0;NULL;N
10915;10324;10629;NULL;20;090 Inputmanagement (IM);NULL;N
10916;10324;10629;NULL;21;091 DynSpoc+;NULL;N
10917;10324;10629;NULL;22;094 Automatische Betrugserkennung (DUBI);NULL;N
10918;10324;10629;NULL;23;095 Neues Betriebsmodell Operations (42) (NEWTON);NULL;N
10919;10324;10629;NULL;25;097 Finanzsanktionen/Embargos (PESTO);NULL;N
10920;10324;10629;NULL;26;098 Bestandsverwaltung 2.0;NULL;N
10921;10324;10629;NULL;27;099 Leben-Leistung/Todesfall in BOSS;NULL;N
10922;10324;10629;NULL;28;100 NAPOL 2.0;NULL;N
10923;10324;10629;NULL;29;105 Analyse und Weiterentwicklung technische Plattform AS400 (bAV Anwendungen);NULL;N
10924;10324;10629;NULL;30;109 Automatische Auslieferung Fondsanteilen über SWIFT;NULL;N
10925;10324;10629;NULL;31;116 Neue Zahlungsverkehrsbank anbinden / Mehrbankfähigkeit;NULL;N
10926;10324;10629;NULL;32;121 Solvency II-Meldefähigkeit (Säulen 1 und 3 von SII);NULL;N
10927;10324;10629;NULL;33;127 Relaunch Corporate Design;NULL;N
10928;10324;10629;NULL;34;129 Online Antrags-/Verkaufsstrecken für Endkunden (OASE);NULL;N
10929;10324;10629;NULL;35;133 FATCA/CRS-Leben;NULL;N
10930;10324;10629;NULL;36;140 Konzernübergreifende Massnahme zu IDD;NULL;N
10931;10324;10629;NULL;37;"142 Implementierung Webservice ""ElektrA"" mit Vergleichertools über BiPro-Schnittstelle";NULL;N
10932;10324;10629;NULL;38;"143 Teilnahme am Risikoprüfungstool ""VersDiagnose"" von F&B";NULL;N
10933;10324;10629;NULL;39;144 Programmierung Webservice SHUK-Privat;NULL;N
10934;10324;10629;NULL;40;145 Rückversicherungsabrechnungssystem Schaden/Unfall - ProRis;NULL;N
10935;10324;10629;NULL;41;151 LV und Steuern_Umsetzung;NULL;N
10936;10324;10629;NULL;42;152 Neues Mathematisches Verfahren;NULL;N
10937;10324;10629;NULL;43;154 Zulagenverwaltung;NULL;N
10938;10324;10629;NULL;44;155 Werte/Bescheinigung;NULL;N
10939;10324;10629;NULL;45;157 Online Mitarbeitervertrag (NOA);NULL;N
10940;10324;10629;NULL;46;159 Kurzfristige Produktanpassungen SHU Gewerbe (20_2);NULL;N
10941;10324;10629;NULL;47;163 Systemgestütztes Controlling des Vertriebsbudgets_Stufe 2 (67_2);NULL;N
10942;10324;10629;NULL;48;164 Lead-Routing (CAMUNDA) - Zwischenlösung;NULL;N
10943;10324;10629;NULL;58;WE AE-BT 2017;NULL;N
10944;10324;10629;NULL;52;WA AE-BT 2017;NULL;N
10945;10324;10629;NULL;60;WE AE-PRO 2017;NULL;N
10946;10324;10629;NULL;54;WA AE-PRO 2017;NULL;N
10947;10324;10629;NULL;62;WE AE-SHUK 2017;NULL;N
10948;10324;10629;NULL;56;WA AE-SHUK 2017;NULL;N
10949;10324;10629;NULL;63;WE AE-VKON 2017;NULL;N
10950;10324;10629;NULL;57;WA AE-VKON 2017;NULL;N
10951;10324;10629;NULL;64;WE Dokumentenadministration 2017;NULL;N
10952;10324;10629;NULL;70;WE Textservice 2017;NULL;N
10953;10324;10629;NULL;65;WE KAGB:GB-ERP-System 2017;NULL;N
10954;10324;10629;NULL;66;WE SAP Hauptbuch 2017;NULL;N
10955;10324;10629;NULL;67;WE SAP Konsolidierung 2017;NULL;N
10956;10324;10629;NULL;68;WE SAP Materialwirtsch 2017;NULL;N
10957;10324;10629;NULL;69;WE SAP Vorsysteme 2017;NULL;N
11000;10502;11302;NULL;127;Zahlungsmanager;NULL;N
11107;10701;11704;NULL;0;Sach;NULL;N
11108;10701;11704;NULL;1;Haftpflicht;NULL;N
11109;10701;11704;NULL;2;Kfz;NULL;N
11110;10701;11704;NULL;3;Unfall;NULL;N
11111;10701;11704;NULL;4;Berufsunfähigkeit;NULL;N
11112;10701;11704;NULL;5;Ablauf;NULL;N
11113;10701;11704;NULL;6;Todesfall;NULL;N
11200;10502;11302;NULL;7;Architektur;NULL;N
11300;10324;10629;NULL;49;195 GWG 4. Richtlinie;NULL;N
11400;10324;10629;NULL;50;214 Entwicklung CRM-System für FA;NULL;N
11401;10324;10629;NULL;51;215 Technische und organisatorische Neuausrichtung der Arbeitsabläufe des Vertriebswegs FA;NULL;N
11500;11100;12401;NULL;0;TC92;NULL;Y
11501;11100;12401;NULL;1;TEST;NULL;N
11502;11100;12401;NULL;5;VPRD;NULL;N
11503;11100;12401;NULL;6;PROD;NULL;N
11505;10333;12403;NULL;0;Weiterentwicklung;NULL;N
11506;10333;12403;NULL;1;Wartung;NULL;N
11507;10324;12404;NULL;0;Weiterentwicklung / Wartung Classic Template;NULL;N
11508;10502;12407;NULL;0;Architektur;NULL;N
11509;10333;12408;NULL;0;Weiterentwicklung;NULL;N
11510;10331;12409;NULL;0;Strategisch;NULL;N
11511;11100;12401;NULL;2;TINT;NULL;Y
11600;10331;12601;NULL;0;Business Case;NULL;N
11601;10331;12602;NULL;0;Operativ notwendig;NULL;N
11602;10502;12603;NULL;0;AE Infrastruktur;NULL;N
11700;10502;12803;NULL;29;Betrugserkennung;NULL;N
11701;10324;12804;NULL;0;0094 Automatische Betrugserkennung (DUBI);NULL;N
11702;10502;12805;NULL;93;Schaden BOSS;NULL;N
11703;10324;12806;NULL;0;0099 Leben-Leistung Todesfall in BOSS;NULL;N
11704;10331;12807;NULL;0;Gesetzlich notwendig;NULL;N
11705;10333;12808;NULL;0;Neuentwicklung;NULL;N
11706;10324;12809;NULL;0;Schaden-/Leistungsregulierung;NULL;N
11707;10331;12810;NULL;0;Business Case;NULL;N
11708;10331;12810;NULL;1;Gesetzlich notwendig;NULL;N
11709;10331;12810;NULL;2;Operativ notwendig;NULL;N
11710;10502;12811;NULL;14;Berichte NSS;NULL;N
11711;10502;12811;NULL;31;Betrugserkennung;NULL;N
11712;10502;12811;NULL;112;Schaden BOSS;NULL;N
11717;10502;12817;NULL;37;Dokumentenarchiv;NULL;N
11718;10324;12818;NULL;0;0086 Archiv 2.0;NULL;N
11719;10502;12819;NULL;49;Inputmanagement;NULL;N
11720;10324;12820;NULL;0;0090 Eingangskanalverarbeitung;NULL;N
11721;10502;12821;NULL;33;Dokumenten-Workflow;NULL;N
11722;10324;12822;NULL;0;0095 Neues Betriebsmodell Operations;NULL;N
11723;10502;12823;NULL;59;Kundenverw. ZAD/ZTI;NULL;N
11724;10324;12824;NULL;0;0096 Modernisierung ZAD;NULL;N
11725;10502;12825;NULL;30;BT4all;NULL;N
11726;10324;12826;NULL;0;0022 Neugeschäftsinfrastruktur SHUKRS privat;NULL;N
11727;10502;12827;NULL;21;Bestand K-Dialog;NULL;N
11728;10324;12828;NULL;0;0061 Erhöhung der Dunkelverarbeitungsquote SHUK-Privatgeschäft;NULL;N
11729;10502;12829;NULL;13;Berichte Leben;NULL;N
11730;10324;12830;NULL;0;0007 Sicherstellen der Abschlussprozesse VT Leben;NULL;N
11731;10502;12831;NULL;24;Bestand Leben;NULL;N
11733;10502;12833;NULL;23;Bestand Leben;NULL;N
11734;10324;12834;NULL;0;0098 Bestandsverwaltung 2.0;NULL;N
11735;10502;12835;NULL;65;Leben AS400;NULL;N
11736;10324;12836;NULL;0;0105 Analyse und Weiterentwicklung technische Plattform AS400 (bAV Anwendungen);NULL;N
11737;10502;12837;NULL;23;Bestand Leben;NULL;N
11738;10324;12838;NULL;0;0152 Neues mathematisches Verfahren;NULL;N
11739;10502;12839;NULL;23;Bestand Leben;NULL;N
11740;10324;12840;NULL;0;0233 Neue Zulagenverwaltung;NULL;N
11741;10502;12841;NULL;24;Bestand Leben;NULL;N
11742;10324;12842;NULL;0;0155 Werte/Bescheinigung;NULL;N
11743;10502;12843;NULL;30;BT4all;NULL;N
11744;10324;12844;NULL;0;0001 Neue Produkte Leben 2017/2018;NULL;N
11745;10502;12845;NULL;68;PA Leben/NKV/Hypo;NULL;N
11746;10324;12846;NULL;0;0066 Laufende AP Leben;NULL;N
11747;10502;12847;NULL;38;Druck AFP;NULL;N
11748;10324;12848;NULL;0;0127 Implementierung Marke und CD NÜRNBERGER;NULL;N
11749;10502;12849;NULL;110;WCMS;NULL;N
11750;10324;12850;NULL;0;0131 Harmonisierung CMS Online / Relaunch IntraNet;NULL;N
11751;10502;12851;NULL;30;BT4all;NULL;N
11752;10324;12852;NULL;0;0140 Konzernübergreifende Massnahme zu IDD;NULL;N
11753;10502;12853;NULL;92;Rückversich.verw.;NULL;N
11754;10324;12854;NULL;0;0145 Einführung eines Rückversicherungsabrechnungssystems Schaden-/Unfall - ProRis;NULL;N
11755;10502;12855;NULL;30;BT4all;NULL;N
11756;10324;12856;NULL;0;0195 GWG 4. Richtlinie;NULL;N
11757;10502;12857;NULL;19;Bestand FA-Schaden;NULL;N
11758;10324;12858;NULL;0;"0215 Technische und organisatorische Neuausrichtung der Arbeitsabläufe des Vertriebswegs FA ";NULL;N
11759;10502;12859;NULL;22;Bestand Leben;NULL;N
11760;10324;12860;NULL;0;0150 Vertragsänderungen 2.0;NULL;N
11761;10502;12861;NULL;33;Buchhaltung AD;NULL;N
11762;10324;12862;NULL;0;0167 IDV nach ZDV;NULL;N
11765;10502;12865;NULL;30;BT4all;NULL;N
11766;10324;12866;NULL;0;0168 Erweiterung des Geschäftsmodells Direktvertrieb um Ausschnittdeckungen;NULL;N
11767;10502;12867;NULL;64;NISSY;NULL;N
11768;10324;12868;NULL;0;0169 Erweiterung der Zahlungsmöglichkeiten auf PayPal und Kreditkarte;NULL;N
11769;10502;12869;NULL;54;ISBT: Kundenportal;NULL;N
11770;10324;12870;NULL;0;0171 Relaunch und Weiterentwicklung KuPo meinenuernberger.de;NULL;N
11771;10502;12871;NULL;30;BT4all;NULL;N
11772;10324;12872;NULL;0;0176 BiPro-Schnittstelle zur Datenübernahme;NULL;N
11773;10502;12873;NULL;30;BT4all;NULL;N
11774;10324;12874;NULL;0;0177 KFZ-Webservice mit ElektrA;NULL;N
11775;10502;12875;NULL;22;Bestand Leben;NULL;N
11776;10324;12876;NULL;0;0188 Leben Bestandsmigration: Vorbereitung und Analyse;NULL;N
11777;10502;12877;NULL;30;BT4all;NULL;N
11778;10324;12878;NULL;0;0190 Neue Produkte Leben 2018 / 2019;NULL;N
11779;10502;12879;NULL;52;ISBT: Prozessportal;NULL;N
11780;10324;12880;NULL;0;0191 Zentrales Anmeldeportal und Anmeldeverfahren;NULL;N
11781;10502;12881;NULL;45;Inputmanagement;NULL;N
11782;10324;12882;NULL;0;0200 Easy Scan 2018;NULL;N
11783;10502;12883;NULL;106;TUS;NULL;N
11784;10324;12884;NULL;0;0204 Neuordnung der Reisekosten für den angestellten Aussendienst;NULL;N
11786;10324;12886;NULL;0;0209 Archiv 3.0;NULL;N
11787;10502;12887;NULL;31;BT4all;NULL;N
11788;10324;12888;NULL;0;0210 Reportingmöglichkeit der Zugriffe auf die Berechnungswebservices der NÜRNBERGER;NULL;N
11789;10502;12889;NULL;21;Bestand Kranken;NULL;N
11790;10324;12890;NULL;0;0221 Neue Produkte Kranken 2018;NULL;N
11793;10502;12893;NULL;22;Bestand Kranken;NULL;N
11794;10324;12894;NULL;0;0223 GeoMedis;NULL;N
11795;10502;12895;NULL;26;Bestand SYSKOM;NULL;N
11796;10324;12896;NULL;0;0227 Neue Produkte SHUK;NULL;N
11797;10502;12897;NULL;30;BT4all;NULL;N
11798;10324;12898;NULL;0;0230 Vorstudie Angebots- und Antragssystem SHU-Gewerbe;NULL;N
11799;10502;12899;NULL;27;Bestand SYSKOM;NULL;N
11800;10324;12900;NULL;0;0231 G - SHU Produkte 2018;NULL;N
11801;10502;12901;NULL;1;Abrechnung FA;NULL;N
11802;10502;12901;NULL;2;AE Infrastruktur;NULL;N
11803;10502;12901;NULL;3;AE-KON Infrastruktur;NULL;N
11804;10502;12901;NULL;4;Agtverw Agenturdatei;NULL;N
11805;10502;12901;NULL;5;AKAB;NULL;N
11806;10502;12901;NULL;6;Antragsbearb. Leben;NULL;N
11807;10502;12901;NULL;7;Architektur;NULL;N
11808;10502;12901;NULL;8;Archiv FileNET;NULL;N
11809;10502;12901;NULL;9;Archiv ImagePlus;NULL;N
11810;10502;12901;NULL;10;BABSY;NULL;N
11811;10502;12901;NULL;11;Berichte K-Dialog;NULL;N
11812;10502;12901;NULL;12;Berichte Kranken;NULL;N
11813;10502;12901;NULL;13;Berichte Leben;NULL;N
11814;10502;12901;NULL;14;Berichte NSS;NULL;N
11815;10502;12901;NULL;15;Berichte SAS;NULL;N
11816;10502;12901;NULL;16;Berichte VICOS;NULL;N
11817;10502;12901;NULL;17;Beschwerdemanagement;NULL;N
11818;10502;12901;NULL;18;Bestand Agt-BASTA;NULL;N
11819;10502;12901;NULL;19;Bestand FA-FUL/FAL;NULL;N
11820;10502;12901;NULL;20;Bestand FA-Schaden;NULL;N
11821;10502;12901;NULL;21;Bestand K-Dialog;NULL;N
11822;10502;12901;NULL;23;Bestand Kranken;NULL;N
11823;10502;12901;NULL;24;Bestand Leben;NULL;N
11824;10502;12901;NULL;25;Bestand Moped;NULL;N
11825;10502;12901;NULL;27;Bestand Rechtsschutz;NULL;N
11826;10502;12901;NULL;28;Bestand SYSKOM;NULL;N
11827;10502;12901;NULL;29;Bestandsübertragung;NULL;N
11828;10502;12901;NULL;30;Bestände SVS;NULL;N
11829;10502;12901;NULL;31;Betrugserkennung;NULL;N
11830;10502;12901;NULL;32;BT4all;NULL;N
11831;10502;12901;NULL;33;Buchhaltung AD;NULL;N
11832;10502;12901;NULL;35;Collaboration;NULL;N
11833;10502;12901;NULL;36;Dokumenten-Workflow;NULL;N
11834;10502;12901;NULL;37;Dokumentenarchiv;NULL;N
11835;10502;12901;NULL;38;Druck AFP;NULL;N
11836;10502;12901;NULL;39;Druckausgaben Leben;NULL;N
11837;10502;12901;NULL;40;Dynamischer SPOC;NULL;N
11838;10502;12901;NULL;43;Endkundenrechner;NULL;N
11839;10502;12901;NULL;44;EVB;NULL;N
11840;10502;12901;NULL;45;FA-Tablet;NULL;N
11841;10502;12901;NULL;46;Gebäudeinfosystem;NULL;N
11842;10502;12901;NULL;47;Geschäftsberichte;NULL;N
11843;10502;12901;NULL;48;Inkassodokumente;NULL;N
11844;10502;12901;NULL;49;Inputmanagement;NULL;N
11845;10502;12901;NULL;50;INS;NULL;N
11846;10502;12901;NULL;51;ISB: Outputmanagem.;NULL;N
11847;10502;12901;NULL;52;ISBT: BTplus;NULL;N
11848;10502;12901;NULL;53;ISBT: Dat-vers.;NULL;N
11849;10502;12901;NULL;54;ISBT: Kundenportal;NULL;N
11850;10502;12901;NULL;55;ISBT: LKmobile;NULL;N
11851;10502;12901;NULL;56;ISBT: Prozessportal;NULL;N
11852;10502;12901;NULL;58;KAGB:GB-ERP-System;NULL;N
11853;10502;12901;NULL;59;KAP Grundbesitz;NULL;N
11854;10502;12901;NULL;60;KAP-HYPO;NULL;N
11855;10502;12901;NULL;61;KBM;NULL;N
11856;10502;12901;NULL;63;Kon-Schnittst KPRUEF;NULL;N
11857;10502;12901;NULL;64;Konzerndatenverarb.;NULL;N
11858;10502;12901;NULL;65;Kundenverw. ZAD/ZTI;NULL;N
11859;10502;12901;NULL;66;Leben AS400;NULL;N
11860;10502;12901;NULL;68;Mitarb-Vertragsschr.;NULL;N
11861;10502;12901;NULL;69;NAUGEMA gericht. MV;NULL;N
11862;10502;12901;NULL;70;NEG;NULL;N
11863;10502;12901;NULL;71;NISSY;NULL;N
11864;10502;12901;NULL;72;NOVEM;NULL;N
11865;10502;12901;NULL;73;NPS;NULL;N
11866;10502;12901;NULL;74;NZS;NULL;N
11867;10502;12901;NULL;75;PA Leben/NKV/Hypo;NULL;N
11868;10502;12901;NULL;76;PA SPE Superprov.;NULL;N
11869;10502;12901;NULL;78;PAI (PA APL Interfac;NULL;N
11870;10502;12901;NULL;85;PMdirekt;NULL;N
11871;10502;12901;NULL;87;Provisionstabellen;NULL;N
11872;10502;12901;NULL;88;Prozessmodelle;NULL;N
11873;10502;12901;NULL;92;Rückversich.verw.;NULL;N
11874;10502;12901;NULL;93;SAP Anlagen;NULL;N
11875;10502;12901;NULL;94;SAP Basis;NULL;N
11876;10502;12901;NULL;97;SAP CRM;NULL;N
11877;10502;12901;NULL;99;SAP Hauptbuch;NULL;N
11878;10502;12901;NULL;100;SAP Konsolidierung;NULL;N
11879;10502;12901;NULL;101;SAP Kostenrechnung;NULL;N
11880;10502;12901;NULL;102;SAP Kreditor-Debitor;NULL;N
11881;10502;12901;NULL;103;SAP Lager;NULL;N
11882;10502;12901;NULL;104;SAP Materialwirtsch;NULL;N
11883;10502;12901;NULL;105;SAP Projektsystem;NULL;N
11884;10502;12901;NULL;106;SAP Spezielle Ledger;NULL;N
11885;10502;12901;NULL;107;SAP SRM;NULL;N
11886;10502;12901;NULL;108;SAP TAX FATCA;NULL;N
11887;10502;12901;NULL;109;SAP Unternehmensplan;NULL;N
11888;10502;12901;NULL;110;SAP Vertrieb;NULL;N
11889;10502;12901;NULL;111;SAP Vorsysteme;NULL;N
11890;10502;12901;NULL;112;Schaden BOSS;NULL;N
11891;10502;12901;NULL;113;Schaden ELSA;NULL;N
11892;10502;12901;NULL;114;Server-Anwendung STT;NULL;N
11893;10502;12901;NULL;115;Sollstellungsdatei;NULL;N
11894;10502;12901;NULL;116;Solvency II;NULL;N
11895;10502;12901;NULL;117;SST-PDB-Leben;NULL;N
11896;10502;12901;NULL;118;STARIS Aktienbuch;NULL;N
11897;10502;12901;NULL;119;STV;NULL;N
11898;10502;12901;NULL;120;Textservice;NULL;N
11899;10502;12901;NULL;121;Textverarbeitung ITV;NULL;N
11900;10502;12901;NULL;122;TUS;NULL;N
11901;10502;12901;NULL;133;übergreifende Renta;NULL;N
11902;10502;12901;NULL;123;Vermittlerpost;NULL;N
11903;10502;12901;NULL;124;Vertriebsakte EVA;NULL;N
11904;10502;12901;NULL;125;WCMS;NULL;N
11905;10502;12901;NULL;126;Workflow Leben;NULL;N
11906;10502;12901;NULL;127;Zahlungsmanager;NULL;N
11907;10502;12901;NULL;128;ZAS Zentrale Auszahl;NULL;N
11908;10502;12901;NULL;129;ZBS Zentraler Bankse;NULL;N
11909;10502;12901;NULL;130;ZFD Fondsdaten;NULL;N
11910;10502;12901;NULL;131;ZTS Terminsystem;NULL;N
11911;10502;12901;NULL;132;ZVS Zentrale Einzahl;NULL;N
11912;10324;12902;NULL;0;Linie AE-SERV;NULL;N
12024;10324;12904;NULL;0;Linie AE-BT;NULL;N
12136;10324;12906;NULL;0;Linie AE-LK;NULL;N
12248;10324;12908;NULL;0;Linie AE-PRO;NULL;N
12360;10324;12910;NULL;0;Linie AE-SHUK;NULL;N
12472;10324;12912;NULL;0;Linie AE-FIN;NULL;N
12473;10333;12913;NULL;0;Weiterentwicklung;NULL;N
12474;10333;12913;NULL;1;Wartung;NULL;N
12475;10502;12914;NULL;62;Mitarb-Vertragsschr.;NULL;N
12476;10324;12915;NULL;0;0157 NOA Stufe 1;NULL;N
12477;10502;12916;NULL;5;AKAB;NULL;N
12478;10324;12917;NULL;0;0089 AKAB (Automatisierte Kundenanliegenbearbeitung);NULL;N
12479;10502;12918;NULL;4;AKAB;NULL;N
12480;10324;12919;NULL;0;0089 AKAB (Automatisierte Kundenanliegenbearbeitung);NULL;N
12481;10502;12920;NULL;4;AKAB;NULL;N
12482;10324;12921;NULL;0;0089 AKAB (Automatisierte Kundenanliegenbearbeitung);NULL;N
12483;10502;12922;NULL;56;ISBT: Prozessportal;NULL;N
12484;10324;12923;NULL;0;0059 AgenturManager (AGM);NULL;N
12485;10502;12924;NULL;43;Endkundenrechner;NULL;N
12486;10324;12925;NULL;0;0129 Endkunden Antragsstrecken Direktvertrieb/Online (EADO);NULL;N
12487;10502;12926;NULL;119;STV;NULL;N
12488;10324;12927;NULL;0;0085 Outputmanagement;NULL;N
12489;10501;12928;NULL;0;2018;NULL;N
12491;10324;12930;NULL;0;0224 Transformation FA.net für Windows Tablet;NULL;N
12492;10502;12929;NULL;30;BT4all;NULL;N
12494;10502;12934;NULL;23;Bestand Leben;NULL;N
12495;10324;12935;NULL;0;0151 LV und Steuern - Umsetzung;NULL;N
12497;10502;12937;NULL;4;AKAB;NULL;N
12498;10324;12938;NULL;0;0089 AKAB (Automatisierte Kundenanliegenbearbeitung);NULL;N
12499;10502;12803;NULL;0;Abrechnung FA;NULL;N
12500;10502;12803;NULL;1;AE Infrastruktur;NULL;N
12501;10502;12803;NULL;2;AE-KON Infrastruktur;NULL;N
12502;10502;12803;NULL;3;Agtverw Agenturdatei;NULL;N
12503;10502;12803;NULL;4;AKAB;NULL;N
12504;10502;12803;NULL;5;Antragsbearb. Leben;NULL;N
12505;10502;12803;NULL;6;Architektur;NULL;N
12506;10502;12803;NULL;7;Archiv FileNET;NULL;N
12507;10502;12803;NULL;8;Archiv ImagePlus;NULL;N
12508;10502;12803;NULL;9;BABSY;NULL;N
12509;10502;12803;NULL;10;Berichte K-Dialog;NULL;N
12510;10502;12803;NULL;11;Berichte Kranken;NULL;N
12511;10502;12803;NULL;12;Berichte Leben;NULL;N
12512;10502;12803;NULL;13;Berichte NSS;NULL;N
12513;10502;12803;NULL;14;Berichte SAS;NULL;N
12514;10502;12803;NULL;15;Berichte VICOS;NULL;N
12515;10502;12803;NULL;16;Beschwerdemanagement;NULL;N
12516;10502;12803;NULL;17;Bestand Agt-BASTA;NULL;N
12517;10502;12803;NULL;18;Bestand FA-FUL/FAL;NULL;N
12518;10502;12803;NULL;19;Bestand FA-Schaden;NULL;N
12519;10502;12803;NULL;20;Bestand K-Dialog;NULL;N
12520;10502;12803;NULL;21;Bestand Kranken;NULL;N
12521;10502;12803;NULL;22;Bestand Leben;NULL;N
12522;10502;12803;NULL;23;Bestand Moped;NULL;N
12523;10502;12803;NULL;25;Bestand Rechtsschutz;NULL;N
12524;10502;12803;NULL;26;Bestand SYSKOM;NULL;N
12525;10502;12803;NULL;27;Bestandsübertragung;NULL;N
12526;10502;12803;NULL;28;Bestände SVS;NULL;N
12527;10502;12803;NULL;30;BT4all;NULL;N
12528;10502;12803;NULL;31;Buchhaltung AD;NULL;N
12529;10502;12803;NULL;32;Collaboration;NULL;N
12530;10502;12803;NULL;33;Dokumenten-Workflow;NULL;N
12531;10502;12803;NULL;34;Dokumentenarchiv;NULL;N
12532;10502;12803;NULL;35;Druck AFP;NULL;N
12533;10502;12803;NULL;36;Druckausgaben Leben;NULL;N
12534;10502;12803;NULL;37;Dynamischer SPOC;NULL;N
12535;10502;12803;NULL;39;Endkundenrechner;NULL;N
12536;10502;12803;NULL;40;EVB;NULL;N
12537;10502;12803;NULL;41;FA-Tablet;NULL;N
12538;10502;12803;NULL;42;Gebäudeinfosystem;NULL;N
12539;10502;12803;NULL;43;Geschäftsberichte;NULL;N
12540;10502;12803;NULL;44;Inkassodokumente;NULL;N
12541;10502;12803;NULL;45;Inputmanagement;NULL;N
12542;10502;12803;NULL;46;INS;NULL;N
12543;10502;12803;NULL;47;ISB: Outputmanagem.;NULL;N
12544;10502;12803;NULL;48;ISBT: BTplus;NULL;N
12545;10502;12803;NULL;49;ISBT: Dat-vers.;NULL;N
12546;10502;12803;NULL;50;ISBT: Kundenportal;NULL;N
12547;10502;12803;NULL;51;ISBT: LKmobile;NULL;N
12548;10502;12803;NULL;52;ISBT: Prozessportal;NULL;N
12549;10502;12803;NULL;53;KAGB:GB-ERP-System;NULL;N
12550;10502;12803;NULL;54;KAP Grundbesitz;NULL;N
12551;10502;12803;NULL;55;KAP-HYPO;NULL;N
12552;10502;12803;NULL;56;KBM;NULL;N
12553;10502;12803;NULL;57;Kon-Schnittst KPRUEF;NULL;N
12554;10502;12803;NULL;58;Konzerndatenverarb.;NULL;N
12555;10502;12803;NULL;59;Kundenverw. ZAD/ZTI;NULL;N
12556;10502;12803;NULL;60;Leben AS400;NULL;N
12557;10502;12803;NULL;61;Mitarb-Vertragsschr.;NULL;N
12558;10502;12803;NULL;62;NAUGEMA gericht. MV;NULL;N
12559;10502;12803;NULL;63;NEG;NULL;N
12560;10502;12803;NULL;64;NISSY;NULL;N
12561;10502;12803;NULL;65;NOVEM;NULL;N
12562;10502;12803;NULL;66;NPS;NULL;N
12563;10502;12803;NULL;67;NZS;NULL;N
12564;10502;12803;NULL;68;PA Leben/NKV/Hypo;NULL;N
12565;10502;12803;NULL;69;PA SPE Superprov.;NULL;N
12566;10502;12803;NULL;71;PAI (PA APL Interfac;NULL;N
12567;10502;12803;NULL;73;PMdirekt;NULL;N
12568;10502;12803;NULL;74;Provisionstabellen;NULL;N
12569;10502;12803;NULL;75;Prozessmodelle;NULL;N
12570;10502;12803;NULL;76;Rückversich.verw.;NULL;N
12571;10502;12803;NULL;77;SAP Anlagen;NULL;N
12572;10502;12803;NULL;78;SAP Basis;NULL;N
12573;10502;12803;NULL;79;SAP CRM;NULL;N
12574;10502;12803;NULL;80;SAP Hauptbuch;NULL;N
12575;10502;12803;NULL;81;SAP Konsolidierung;NULL;N
12576;10502;12803;NULL;82;SAP Kostenrechnung;NULL;N
12577;10502;12803;NULL;83;SAP Kreditor-Debitor;NULL;N
12578;10502;12803;NULL;84;SAP Lager;NULL;N
12579;10502;12803;NULL;85;SAP Materialwirtsch;NULL;N
12580;10502;12803;NULL;86;SAP Projektsystem;NULL;N
12581;10502;12803;NULL;87;SAP Spezielle Ledger;NULL;N
12582;10502;12803;NULL;88;SAP SRM;NULL;N
12583;10502;12803;NULL;89;SAP TAX FATCA;NULL;N
12584;10502;12803;NULL;90;SAP Unternehmensplan;NULL;N
12585;10502;12803;NULL;91;SAP Vertrieb;NULL;N
12586;10502;12803;NULL;92;SAP Vorsysteme;NULL;N
12587;10502;12803;NULL;93;Schaden BOSS;NULL;N
12588;10502;12803;NULL;94;Schaden ELSA;NULL;N
12589;10502;12803;NULL;95;Server-Anwendung STT;NULL;N
12590;10502;12803;NULL;96;Sollstellungsdatei;NULL;N
12591;10502;12803;NULL;97;Solvency II;NULL;N
12592;10502;12803;NULL;98;SST-PDB-Leben;NULL;N
12593;10502;12803;NULL;99;STARIS Aktienbuch;NULL;N
12594;10502;12803;NULL;100;STV;NULL;N
12595;10502;12803;NULL;101;Textservice;NULL;N
12596;10502;12803;NULL;102;Textverarbeitung ITV;NULL;N
12597;10502;12803;NULL;103;TUS;NULL;N
12598;10502;12803;NULL;114;übergreifende Renta;NULL;N
12599;10502;12803;NULL;104;Vermittlerpost;NULL;N
12600;10502;12803;NULL;105;Vertriebsakte EVA;NULL;N
12601;10502;12803;NULL;106;WCMS;NULL;N
12602;10502;12803;NULL;107;Workflow Leben;NULL;N
12603;10502;12803;NULL;108;Zahlungsmanager;NULL;N
12604;10502;12803;NULL;109;ZAS Zentrale Auszahl;NULL;N
12605;10502;12803;NULL;110;ZBS Zentraler Bankse;NULL;N
12606;10502;12803;NULL;111;ZFD Fondsdaten;NULL;N
12607;10502;12803;NULL;112;ZTS Terminsystem;NULL;N
12608;10502;12803;NULL;113;ZVS Zentrale Einzahl;NULL;N
12609;10502;12817;NULL;1;Abrechnung FA;NULL;N
12610;10502;12817;NULL;2;AE Infrastruktur;NULL;N
12611;10502;12817;NULL;3;AE-KON Infrastruktur;NULL;N
12612;10502;12817;NULL;4;Agtverw Agenturdatei;NULL;N
12613;10502;12817;NULL;5;AKAB;NULL;N
12614;10502;12817;NULL;6;Antragsbearb. Leben;NULL;N
12615;10502;12817;NULL;7;Architektur;NULL;N
12616;10502;12817;NULL;8;Archiv FileNET;NULL;N
12617;10502;12817;NULL;9;Archiv ImagePlus;NULL;N
12618;10502;12817;NULL;10;BABSY;NULL;N
12619;10502;12817;NULL;11;Berichte K-Dialog;NULL;N
12620;10502;12817;NULL;12;Berichte Kranken;NULL;N
12621;10502;12817;NULL;13;Berichte Leben;NULL;N
12622;10502;12817;NULL;14;Berichte NSS;NULL;N
12623;10502;12817;NULL;15;Berichte SAS;NULL;N
12624;10502;12817;NULL;16;Berichte VICOS;NULL;N
12625;10502;12817;NULL;17;Beschwerdemanagement;NULL;N
12626;10502;12817;NULL;18;Bestand Agt-BASTA;NULL;N
12627;10502;12817;NULL;19;Bestand FA-FUL/FAL;NULL;N
12628;10502;12817;NULL;20;Bestand FA-Schaden;NULL;N
12629;10502;12817;NULL;21;Bestand K-Dialog;NULL;N
12630;10502;12817;NULL;23;Bestand Kranken;NULL;N
12631;10502;12817;NULL;24;Bestand Leben;NULL;N
12632;10502;12817;NULL;25;Bestand Moped;NULL;N
12633;10502;12817;NULL;27;Bestand Rechtsschutz;NULL;N
12634;10502;12817;NULL;28;Bestand SYSKOM;NULL;N
12635;10502;12817;NULL;29;Bestandsübertragung;NULL;N
12636;10502;12817;NULL;30;Bestände SVS;NULL;N
12637;10502;12817;NULL;31;Betrugserkennung;NULL;N
12638;10502;12817;NULL;32;BT4all;NULL;N
12639;10502;12817;NULL;33;Buchhaltung AD;NULL;N
12640;10502;12817;NULL;35;Collaboration;NULL;N
12641;10502;12817;NULL;36;Dokumenten-Workflow;NULL;N
12642;10502;12817;NULL;38;Druck AFP;NULL;N
12643;10502;12817;NULL;39;Druckausgaben Leben;NULL;N
12644;10502;12817;NULL;40;Dynamischer SPOC;NULL;N
12645;10502;12817;NULL;42;Endkundenrechner;NULL;N
12646;10502;12817;NULL;43;EVB;NULL;N
12647;10502;12817;NULL;44;FA-Tablet;NULL;N
12648;10502;12817;NULL;45;Gebäudeinfosystem;NULL;N
12649;10502;12817;NULL;46;Geschäftsberichte;NULL;N
12650;10502;12817;NULL;47;Inkassodokumente;NULL;N
12651;10502;12817;NULL;48;Inputmanagement;NULL;N
12652;10502;12817;NULL;49;INS;NULL;N
12653;10502;12817;NULL;50;ISB: Outputmanagem.;NULL;N
12654;10502;12817;NULL;51;ISBT: BTplus;NULL;N
12655;10502;12817;NULL;52;ISBT: Dat-vers.;NULL;N
12656;10502;12817;NULL;53;ISBT: Kundenportal;NULL;N
12657;10502;12817;NULL;54;ISBT: LKmobile;NULL;N
12658;10502;12817;NULL;55;ISBT: Prozessportal;NULL;N
12659;10502;12817;NULL;57;KAGB:GB-ERP-System;NULL;N
12660;10502;12817;NULL;58;KAP Grundbesitz;NULL;N
12661;10502;12817;NULL;59;KAP-HYPO;NULL;N
12662;10502;12817;NULL;60;KBM;NULL;N
12663;10502;12817;NULL;62;Kon-Schnittst KPRUEF;NULL;N
12664;10502;12817;NULL;63;Konzerndatenverarb.;NULL;N
12665;10502;12817;NULL;64;Kundenverw. ZAD/ZTI;NULL;N
12666;10502;12817;NULL;65;Leben AS400;NULL;N
12667;10502;12817;NULL;66;Mitarb-Vertragsschr.;NULL;N
12668;10502;12817;NULL;67;NAUGEMA gericht. MV;NULL;N
12669;10502;12817;NULL;68;NEG;NULL;N
12670;10502;12817;NULL;69;NISSY;NULL;N
12671;10502;12817;NULL;70;NOVEM;NULL;N
12672;10502;12817;NULL;71;NPS;NULL;N
12673;10502;12817;NULL;72;NZS;NULL;N
12674;10502;12817;NULL;73;PA Leben/NKV/Hypo;NULL;N
12675;10502;12817;NULL;74;PA SPE Superprov.;NULL;N
12676;10502;12817;NULL;76;PAI (PA APL Interfac;NULL;N
12677;10502;12817;NULL;82;PMdirekt;NULL;N
12678;10502;12817;NULL;84;Provisionstabellen;NULL;N
12679;10502;12817;NULL;85;Prozessmodelle;NULL;N
12680;10502;12817;NULL;88;Rückversich.verw.;NULL;N
12681;10502;12817;NULL;89;SAP Anlagen;NULL;N
12682;10502;12817;NULL;90;SAP Basis;NULL;N
12683;10502;12817;NULL;93;SAP CRM;NULL;N
12684;10502;12817;NULL;95;SAP Hauptbuch;NULL;N
12685;10502;12817;NULL;96;SAP Konsolidierung;NULL;N
12686;10502;12817;NULL;97;SAP Kostenrechnung;NULL;N
12687;10502;12817;NULL;98;SAP Kreditor-Debitor;NULL;N
12688;10502;12817;NULL;99;SAP Lager;NULL;N
12689;10502;12817;NULL;100;SAP Materialwirtsch;NULL;N
12690;10502;12817;NULL;101;SAP Projektsystem;NULL;N
12691;10502;12817;NULL;102;SAP Spezielle Ledger;NULL;N
12692;10502;12817;NULL;103;SAP SRM;NULL;N
12693;10502;12817;NULL;104;SAP TAX FATCA;NULL;N
12694;10502;12817;NULL;105;SAP Unternehmensplan;NULL;N
12695;10502;12817;NULL;106;SAP Vertrieb;NULL;N
12696;10502;12817;NULL;107;SAP Vorsysteme;NULL;N
12697;10502;12817;NULL;108;Schaden BOSS;NULL;N
12698;10502;12817;NULL;109;Schaden ELSA;NULL;N
12699;10502;12817;NULL;110;Server-Anwendung STT;NULL;N
12700;10502;12817;NULL;111;Sollstellungsdatei;NULL;N
12701;10502;12817;NULL;112;Solvency II;NULL;N
12702;10502;12817;NULL;113;SST-PDB-Leben;NULL;N
12703;10502;12817;NULL;114;STARIS Aktienbuch;NULL;N
12704;10502;12817;NULL;115;STV;NULL;N
12705;10502;12817;NULL;116;Textservice;NULL;N
12706;10502;12817;NULL;117;Textverarbeitung ITV;NULL;N
12707;10502;12817;NULL;118;TUS;NULL;N
12708;10502;12817;NULL;129;übergreifende Renta;NULL;N
12709;10502;12817;NULL;119;Vermittlerpost;NULL;N
12710;10502;12817;NULL;120;Vertriebsakte EVA;NULL;N
12711;10502;12817;NULL;121;WCMS;NULL;N
12712;10502;12817;NULL;122;Workflow Leben;NULL;N
12713;10502;12817;NULL;123;Zahlungsmanager;NULL;N
12714;10502;12817;NULL;124;ZAS Zentrale Auszahl;NULL;N
12715;10502;12817;NULL;125;ZBS Zentraler Bankse;NULL;N
12716;10502;12817;NULL;126;ZFD Fondsdaten;NULL;N
12717;10502;12817;NULL;127;ZTS Terminsystem;NULL;N
12718;10502;12817;NULL;128;ZVS Zentrale Einzahl;NULL;N
12719;10502;12819;NULL;1;Abrechnung FA;NULL;N
12720;10502;12819;NULL;2;AE Infrastruktur;NULL;N
12721;10502;12819;NULL;3;AE-KON Infrastruktur;NULL;N
12722;10502;12819;NULL;4;Agtverw Agenturdatei;NULL;N
12723;10502;12819;NULL;5;AKAB;NULL;N
12724;10502;12819;NULL;6;Antragsbearb. Leben;NULL;N
12725;10502;12819;NULL;7;Architektur;NULL;N
12726;10502;12819;NULL;8;Archiv FileNET;NULL;N
12727;10502;12819;NULL;9;Archiv ImagePlus;NULL;N
12728;10502;12819;NULL;10;BABSY;NULL;N
12729;10502;12819;NULL;11;Berichte K-Dialog;NULL;N
12730;10502;12819;NULL;12;Berichte Kranken;NULL;N
12731;10502;12819;NULL;13;Berichte Leben;NULL;N
12732;10502;12819;NULL;14;Berichte NSS;NULL;N
12733;10502;12819;NULL;15;Berichte SAS;NULL;N
12734;10502;12819;NULL;16;Berichte VICOS;NULL;N
12735;10502;12819;NULL;17;Beschwerdemanagement;NULL;N
12736;10502;12819;NULL;18;Bestand Agt-BASTA;NULL;N
12737;10502;12819;NULL;19;Bestand FA-FUL/FAL;NULL;N
12738;10502;12819;NULL;20;Bestand FA-Schaden;NULL;N
12739;10502;12819;NULL;21;Bestand K-Dialog;NULL;N
12740;10502;12819;NULL;23;Bestand Kranken;NULL;N
12741;10502;12819;NULL;24;Bestand Leben;NULL;N
12742;10502;12819;NULL;25;Bestand Moped;NULL;N
12743;10502;12819;NULL;27;Bestand Rechtsschutz;NULL;N
12744;10502;12819;NULL;28;Bestand SYSKOM;NULL;N
12745;10502;12819;NULL;29;Bestandsübertragung;NULL;N
12746;10502;12819;NULL;30;Bestände SVS;NULL;N
12747;10502;12819;NULL;31;Betrugserkennung;NULL;N
12748;10502;12819;NULL;32;BT4all;NULL;N
12749;10502;12819;NULL;33;Buchhaltung AD;NULL;N
12750;10502;12819;NULL;35;Collaboration;NULL;N
12751;10502;12819;NULL;36;Dokumenten-Workflow;NULL;N
12752;10502;12819;NULL;37;Dokumentenarchiv;NULL;N
12753;10502;12819;NULL;38;Druck AFP;NULL;N
12754;10502;12819;NULL;39;Druckausgaben Leben;NULL;N
12755;10502;12819;NULL;40;Dynamischer SPOC;NULL;N
12756;10502;12819;NULL;43;Endkundenrechner;NULL;N
12757;10502;12819;NULL;44;EVB;NULL;N
12758;10502;12819;NULL;45;FA-Tablet;NULL;N
12759;10502;12819;NULL;46;Gebäudeinfosystem;NULL;N
12760;10502;12819;NULL;47;Geschäftsberichte;NULL;N
12761;10502;12819;NULL;48;Inkassodokumente;NULL;N
12762;10502;12819;NULL;50;INS;NULL;N
12763;10502;12819;NULL;51;ISB: Outputmanagem.;NULL;N
12764;10502;12819;NULL;52;ISBT: BTplus;NULL;N
12765;10502;12819;NULL;53;ISBT: Dat-vers.;NULL;N
12766;10502;12819;NULL;54;ISBT: Kundenportal;NULL;N
12767;10502;12819;NULL;55;ISBT: LKmobile;NULL;N
12768;10502;12819;NULL;56;ISBT: Prozessportal;NULL;N
12769;10502;12819;NULL;58;KAGB:GB-ERP-System;NULL;N
12770;10502;12819;NULL;59;KAP Grundbesitz;NULL;N
12771;10502;12819;NULL;60;KAP-HYPO;NULL;N
12772;10502;12819;NULL;61;KBM;NULL;N
12773;10502;12819;NULL;63;Kon-Schnittst KPRUEF;NULL;N
12774;10502;12819;NULL;64;Konzerndatenverarb.;NULL;N
12775;10502;12819;NULL;65;Kundenverw. ZAD/ZTI;NULL;N
12776;10502;12819;NULL;66;Leben AS400;NULL;N
12777;10502;12819;NULL;68;Mitarb-Vertragsschr.;NULL;N
12778;10502;12819;NULL;69;NAUGEMA gericht. MV;NULL;N
12779;10502;12819;NULL;70;NEG;NULL;N
12780;10502;12819;NULL;71;NISSY;NULL;N
12781;10502;12819;NULL;72;NOVEM;NULL;N
12782;10502;12819;NULL;73;NPS;NULL;N
12783;10502;12819;NULL;74;NZS;NULL;N
12784;10502;12819;NULL;75;PA Leben/NKV/Hypo;NULL;N
12785;10502;12819;NULL;76;PA SPE Superprov.;NULL;N
12786;10502;12819;NULL;78;PAI (PA APL Interfac;NULL;N
12787;10502;12819;NULL;85;PMdirekt;NULL;N
12788;10502;12819;NULL;87;Provisionstabellen;NULL;N
12789;10502;12819;NULL;88;Prozessmodelle;NULL;N
12790;10502;12819;NULL;92;Rückversich.verw.;NULL;N
12791;10502;12819;NULL;93;SAP Anlagen;NULL;N
12792;10502;12819;NULL;94;SAP Basis;NULL;N
12793;10502;12819;NULL;97;SAP CRM;NULL;N
12794;10502;12819;NULL;99;SAP Hauptbuch;NULL;N
12795;10502;12819;NULL;100;SAP Konsolidierung;NULL;N
12796;10502;12819;NULL;101;SAP Kostenrechnung;NULL;N
12797;10502;12819;NULL;102;SAP Kreditor-Debitor;NULL;N
12798;10502;12819;NULL;103;SAP Lager;NULL;N
12799;10502;12819;NULL;104;SAP Materialwirtsch;NULL;N
12800;10502;12819;NULL;105;SAP Projektsystem;NULL;N
12801;10502;12819;NULL;106;SAP Spezielle Ledger;NULL;N
12802;10502;12819;NULL;107;SAP SRM;NULL;N
12803;10502;12819;NULL;108;SAP TAX FATCA;NULL;N
12804;10502;12819;NULL;109;SAP Unternehmensplan;NULL;N
12805;10502;12819;NULL;110;SAP Vertrieb;NULL;N
12806;10502;12819;NULL;111;SAP Vorsysteme;NULL;N
12807;10502;12819;NULL;112;Schaden BOSS;NULL;N
12808;10502;12819;NULL;113;Schaden ELSA;NULL;N
12809;10502;12819;NULL;114;Server-Anwendung STT;NULL;N
12810;10502;12819;NULL;115;Sollstellungsdatei;NULL;N
12811;10502;12819;NULL;116;Solvency II;NULL;N
12812;10502;12819;NULL;117;SST-PDB-Leben;NULL;N
12813;10502;12819;NULL;118;STARIS Aktienbuch;NULL;N
12814;10502;12819;NULL;119;STV;NULL;N
12815;10502;12819;NULL;120;Textservice;NULL;N
12816;10502;12819;NULL;121;Textverarbeitung ITV;NULL;N
12817;10502;12819;NULL;122;TUS;NULL;N
12818;10502;12819;NULL;133;übergreifende Renta;NULL;N
12819;10502;12819;NULL;123;Vermittlerpost;NULL;N
12820;10502;12819;NULL;124;Vertriebsakte EVA;NULL;N
12821;10502;12819;NULL;125;WCMS;NULL;N
12822;10502;12819;NULL;126;Workflow Leben;NULL;N
12823;10502;12819;NULL;127;Zahlungsmanager;NULL;N
12824;10502;12819;NULL;128;ZAS Zentrale Auszahl;NULL;N
12825;10502;12819;NULL;129;ZBS Zentraler Bankse;NULL;N
12826;10502;12819;NULL;130;ZFD Fondsdaten;NULL;N
12827;10502;12819;NULL;131;ZTS Terminsystem;NULL;N
12828;10502;12819;NULL;132;ZVS Zentrale Einzahl;NULL;N
12829;10502;12821;NULL;0;Abrechnung FA;NULL;N
12830;10502;12821;NULL;1;AE Infrastruktur;NULL;N
12831;10502;12821;NULL;2;AE-KON Infrastruktur;NULL;N
12832;10502;12821;NULL;3;Agtverw Agenturdatei;NULL;N
12833;10502;12821;NULL;4;AKAB;NULL;N
12834;10502;12821;NULL;5;Antragsbearb. Leben;NULL;N
12835;10502;12821;NULL;6;Architektur;NULL;N
12836;10502;12821;NULL;7;Archiv FileNET;NULL;N
12837;10502;12821;NULL;8;Archiv ImagePlus;NULL;N
12838;10502;12821;NULL;9;BABSY;NULL;N
12839;10502;12821;NULL;10;Berichte K-Dialog;NULL;N
12840;10502;12821;NULL;11;Berichte Kranken;NULL;N
12841;10502;12821;NULL;12;Berichte Leben;NULL;N
12842;10502;12821;NULL;13;Berichte NSS;NULL;N
12843;10502;12821;NULL;14;Berichte SAS;NULL;N
12844;10502;12821;NULL;15;Berichte VICOS;NULL;N
12845;10502;12821;NULL;16;Beschwerdemanagement;NULL;N
12846;10502;12821;NULL;17;Bestand Agt-BASTA;NULL;N
12847;10502;12821;NULL;18;Bestand FA-FUL/FAL;NULL;N
12848;10502;12821;NULL;19;Bestand FA-Schaden;NULL;N
12849;10502;12821;NULL;20;Bestand K-Dialog;NULL;N
12850;10502;12821;NULL;21;Bestand Kranken;NULL;N
12851;10502;12821;NULL;22;Bestand Leben;NULL;N
12852;10502;12821;NULL;23;Bestand Moped;NULL;N
12853;10502;12821;NULL;25;Bestand Rechtsschutz;NULL;N
12854;10502;12821;NULL;26;Bestand SYSKOM;NULL;N
12855;10502;12821;NULL;27;Bestandsübertragung;NULL;N
12856;10502;12821;NULL;28;Bestände SVS;NULL;N
12857;10502;12821;NULL;29;Betrugserkennung;NULL;N
12858;10502;12821;NULL;30;BT4all;NULL;N
12859;10502;12821;NULL;31;Buchhaltung AD;NULL;N
12860;10502;12821;NULL;32;Collaboration;NULL;N
12861;10502;12821;NULL;34;Dokumentenarchiv;NULL;N
12862;10502;12821;NULL;35;Druck AFP;NULL;N
12863;10502;12821;NULL;36;Druckausgaben Leben;NULL;N
12864;10502;12821;NULL;37;Dynamischer SPOC;NULL;N
12865;10502;12821;NULL;39;Endkundenrechner;NULL;N
12866;10502;12821;NULL;40;EVB;NULL;N
12867;10502;12821;NULL;41;FA-Tablet;NULL;N
12868;10502;12821;NULL;42;Gebäudeinfosystem;NULL;N
12869;10502;12821;NULL;43;Geschäftsberichte;NULL;N
12870;10502;12821;NULL;44;Inkassodokumente;NULL;N
12871;10502;12821;NULL;45;Inputmanagement;NULL;N
12872;10502;12821;NULL;46;INS;NULL;N
12873;10502;12821;NULL;47;ISB: Outputmanagem.;NULL;N
12874;10502;12821;NULL;48;ISBT: BTplus;NULL;N
12875;10502;12821;NULL;49;ISBT: Dat-vers.;NULL;N
12876;10502;12821;NULL;50;ISBT: Kundenportal;NULL;N
12877;10502;12821;NULL;51;ISBT: LKmobile;NULL;N
12878;10502;12821;NULL;52;ISBT: Prozessportal;NULL;N
12879;10502;12821;NULL;53;KAGB:GB-ERP-System;NULL;N
12880;10502;12821;NULL;54;KAP Grundbesitz;NULL;N
12881;10502;12821;NULL;55;KAP-HYPO;NULL;N
12882;10502;12821;NULL;56;KBM;NULL;N
12883;10502;12821;NULL;57;Kon-Schnittst KPRUEF;NULL;N
12884;10502;12821;NULL;58;Konzerndatenverarb.;NULL;N
12885;10502;12821;NULL;59;Kundenverw. ZAD/ZTI;NULL;N
12886;10502;12821;NULL;60;Leben AS400;NULL;N
12887;10502;12821;NULL;61;Mitarb-Vertragsschr.;NULL;N
12888;10502;12821;NULL;62;NAUGEMA gericht. MV;NULL;N
12889;10502;12821;NULL;63;NEG;NULL;N
12890;10502;12821;NULL;64;NISSY;NULL;N
12891;10502;12821;NULL;65;NOVEM;NULL;N
12892;10502;12821;NULL;66;NPS;NULL;N
12893;10502;12821;NULL;67;NZS;NULL;N
12894;10502;12821;NULL;68;PA Leben/NKV/Hypo;NULL;N
12895;10502;12821;NULL;69;PA SPE Superprov.;NULL;N
12896;10502;12821;NULL;71;PAI (PA APL Interfac;NULL;N
12897;10502;12821;NULL;73;PMdirekt;NULL;N
12898;10502;12821;NULL;74;Provisionstabellen;NULL;N
12899;10502;12821;NULL;75;Prozessmodelle;NULL;N
12900;10502;12821;NULL;76;Rückversich.verw.;NULL;N
12901;10502;12821;NULL;77;SAP Anlagen;NULL;N
12902;10502;12821;NULL;78;SAP Basis;NULL;N
12903;10502;12821;NULL;79;SAP CRM;NULL;N
12904;10502;12821;NULL;80;SAP Hauptbuch;NULL;N
12905;10502;12821;NULL;81;SAP Konsolidierung;NULL;N
12906;10502;12821;NULL;82;SAP Kostenrechnung;NULL;N
12907;10502;12821;NULL;83;SAP Kreditor-Debitor;NULL;N
12908;10502;12821;NULL;84;SAP Lager;NULL;N
12909;10502;12821;NULL;85;SAP Materialwirtsch;NULL;N
12910;10502;12821;NULL;86;SAP Projektsystem;NULL;N
12911;10502;12821;NULL;87;SAP Spezielle Ledger;NULL;N
12912;10502;12821;NULL;88;SAP SRM;NULL;N
12913;10502;12821;NULL;89;SAP TAX FATCA;NULL;N
12914;10502;12821;NULL;90;SAP Unternehmensplan;NULL;N
12915;10502;12821;NULL;91;SAP Vertrieb;NULL;N
12916;10502;12821;NULL;92;SAP Vorsysteme;NULL;N
12917;10502;12821;NULL;93;Schaden BOSS;NULL;N
12918;10502;12821;NULL;94;Schaden ELSA;NULL;N
12919;10502;12821;NULL;95;Server-Anwendung STT;NULL;N
12920;10502;12821;NULL;96;Sollstellungsdatei;NULL;N
12921;10502;12821;NULL;97;Solvency II;NULL;N
12922;10502;12821;NULL;98;SST-PDB-Leben;NULL;N
12923;10502;12821;NULL;99;STARIS Aktienbuch;NULL;N
12924;10502;12821;NULL;100;STV;NULL;N
12925;10502;12821;NULL;101;Textservice;NULL;N
12926;10502;12821;NULL;102;Textverarbeitung ITV;NULL;N
12927;10502;12821;NULL;103;TUS;NULL;N
12928;10502;12821;NULL;114;übergreifende Renta;NULL;N
12929;10502;12821;NULL;104;Vermittlerpost;NULL;N
12930;10502;12821;NULL;105;Vertriebsakte EVA;NULL;N
12931;10502;12821;NULL;106;WCMS;NULL;N
12932;10502;12821;NULL;107;Workflow Leben;NULL;N
12933;10502;12821;NULL;108;Zahlungsmanager;NULL;N
12934;10502;12821;NULL;109;ZAS Zentrale Auszahl;NULL;N
12935;10502;12821;NULL;110;ZBS Zentraler Bankse;NULL;N
12936;10502;12821;NULL;111;ZFD Fondsdaten;NULL;N
12937;10502;12821;NULL;112;ZTS Terminsystem;NULL;N
12938;10502;12821;NULL;113;ZVS Zentrale Einzahl;NULL;N
12939;10502;12823;NULL;0;Abrechnung FA;NULL;N
12940;10502;12823;NULL;1;AE Infrastruktur;NULL;N
12941;10502;12823;NULL;2;AE-KON Infrastruktur;NULL;N
12942;10502;12823;NULL;3;Agtverw Agenturdatei;NULL;N
12943;10502;12823;NULL;4;AKAB;NULL;N
12944;10502;12823;NULL;5;Antragsbearb. Leben;NULL;N
12945;10502;12823;NULL;6;Architektur;NULL;N
12946;10502;12823;NULL;7;Archiv FileNET;NULL;N
12947;10502;12823;NULL;8;Archiv ImagePlus;NULL;N
12948;10502;12823;NULL;9;BABSY;NULL;N
