ID;CUSTOMFIELDTYPEKEY;CUSTOMFIELDSEARCHERKEY;cfname;DESCRIPTION;defaultvalue;FIELDTYPE;PROJECT;ISSUETYPE;cfkey;lastvalueupdate;issueswithvalue
10000;com.atlassian.jira.plugin.system.customfieldtypes:multicheckboxes;com.atlassian.jira.plugin.system.customfieldtypes:multiselectsearcher;Markiert;Erlaubt diesen Vorgang mit Hindernissen zu markieren.;NULL;NULL;NULL;NULL;NULL;2025-01-13 13:29:06.980;2832
10001;com.atlassian.jira.plugin.system.customfieldtypes:labels;com.atlassian.jira.plugin.system.customfieldtypes:labelsearcher;Epic/Thema;Dieses Feld hilft ihre Vorgänge unter einem Epic oder einem Thema zu gruppieren.;NULL;NULL;NULL;NULL;NULL;2023-08-01 12:56:27.427;0
10002;com.atlassian.jira.plugin.system.customfieldtypes:float;com.atlassian.jira.plugin.system.customfieldtypes:exactnumber;Story-Punkte;Messung der Komplexität und/oder der Größe der Anforderung.;NULL;NULL;NULL;NULL;NULL;2025-01-13 16:29:07.140;38995
10003;com.atlassian.jira.plugin.system.customfieldtypes:float;com.atlassian.jira.plugin.system.customfieldtypes:exactnumber;Geschäftswert;Messung des Geschäftswertes dieser Anforderung.;NULL;NULL;NULL;NULL;NULL;2024-06-07 11:07:22.900;16
10004;com.pyxis.greenhopper.jira:gh-epic-link;com.pyxis.greenhopper.jira:gh-epic-link-searcher;Epic-Verknüpfung;Wählen Sie einen Epic aus, dem Sie diesen Vorgang zuordnen wollen.;NULL;NULL;NULL;NULL;NULL;2025-01-13 17:29:07.200;0
10005;com.pyxis.greenhopper.jira:gh-epic-status;com.pyxis.greenhopper.jira:gh-epic-status-searcher;Epic-Status;"Das Feld ""Epic-Status"" ist nur zur Verwendung mit Jira Software vorgesehen.";NULL;NULL;NULL;NULL;NULL;2025-01-08 14:15:20.413;12487
10006;com.pyxis.greenhopper.jira:gh-epic-label;com.pyxis.greenhopper.jira:gh-epic-label-searcher;Epic-Name;Geben sie einen kurzen Namen für dieses Epic an.;NULL;NULL;NULL;NULL;NULL;2025-01-13 16:29:07.140;12557
10007;com.pyxis.greenhopper.jira:gh-epic-color;com.pyxis.greenhopper.jira:gh-epic-color-searcher;Epic-Farbe;"Das Feld ""Epic-Farbe"" ist nur zur Verwendung mit Jira Software vorgesehen.";NULL;NULL;NULL;NULL;NULL;2025-01-13 16:29:07.140;12067
10008;com.pyxis.greenhopper.jira:gh-sprint;com.pyxis.greenhopper.jira:gh-sprint-searcher;Sprint;Jira Software-Sprint-Feld;NULL;NULL;NULL;NULL;NULL;2025-01-13 17:29:07.200;95185
10009;com.pyxis.greenhopper.jira:gh-lexo-rank;com.pyxis.greenhopper.jira:gh-lexo-rank-searcher;Rang;Globales Rangfeld, nur zur Verwendung mit Jira Software vorgesehen.;NULL;NULL;NULL;NULL;NULL;2025-01-13 17:29:07.200;0
10100;com.atlassian.jira.plugin.system.customfieldtypes:userpicker;com.atlassian.jira.plugin.system.customfieldtypes:userpickergroupsearcher;Entwickler;NULL;NULL;NULL;NULL;NULL;NULL;2025-01-13 17:29:07.200;7568
10101;com.atlassian.jira.plugin.system.customfieldtypes:userpicker;com.atlassian.jira.plugin.system.customfieldtypes:userpickergroupsearcher;Reviewer;NULL;NULL;NULL;NULL;NULL;NULL;2019-08-13 13:10:10.243;1675
10102;com.atlassian.jira.plugin.system.customfieldtypes:userpicker;com.atlassian.jira.plugin.system.customfieldtypes:userpickergroupsearcher;Qualitätssicherer;NULL;NULL;NULL;NULL;NULL;NULL;2019-11-19 16:46:01.830;2069
10201;com.atlassian.jira.plugin.system.customfieldtypes:select;com.atlassian.jira.plugin.system.customfieldtypes:multiselectsearcher;Deployment Umgebung;NULL;NULL;NULL;NULL;NULL;NULL;2018-10-11 12:02:38.180;142
10312;com.atlassian.jira.plugin.system.customfieldtypes:textfield;com.atlassian.jira.plugin.system.customfieldtypes:textsearcher;Aufwand [PT];Aufwand [PT] created by JIM during import process;NULL;NULL;NULL;NULL;NULL;2014-07-16 12:30:38.000;11
10313;com.atlassian.jira.plugin.system.customfieldtypes:radiobuttons;com.atlassian.jira.plugin.system.customfieldtypes:multiselectsearcher;Ad hoc Aufwand;Ad hoc Aufwand created by JIM during import process;NULL;NULL;NULL;NULL;NULL;2014-02-20 08:48:15.000;7
10314;com.atlassian.jira.plugin.system.customfieldtypes:multiselect;com.atlassian.jira.plugin.system.customfieldtypes:multiselectsearcher;Abteilungsübergreifend;Abteilungsübergreifend created by JIM during import process;NULL;NULL;NULL;NULL;NULL;NULL;0
10315;com.atlassian.jira.plugin.system.customfieldtypes:textfield;com.atlassian.jira.plugin.system.customfieldtypes:textsearcher;ID extern;ID externes System (z. B. Mantis, msg-JIRA, etc.);NULL;NULL;NULL;NULL;NULL;2025-01-13 16:29:07.140;11672
10316;com.atlassian.jira.plugin.system.customfieldtypes:radiobuttons;com.atlassian.jira.plugin.system.customfieldtypes:multiselectsearcher;Vorgabe prüfen;Vorgabe prüfen created by JIM during import process;NULL;NULL;NULL;NULL;NULL;2014-02-20 08:48:15.000;6
10317;com.atlassian.jira.plugin.system.customfieldtypes:textfield;com.atlassian.jira.plugin.system.customfieldtypes:textsearcher;Aktionsnr;Aktionsnr created by JIM during import process;NULL;NULL;NULL;NULL;NULL;NULL;0
10318;com.atlassian.jira.plugin.system.customfieldtypes:userpicker;com.atlassian.jira.plugin.system.customfieldtypes:userpickergroupsearcher;Ansprechpartner Fachbereich;NULL;NULL;NULL;NULL;NULL;NULL;2025-01-13 16:29:07.140;6158
10321;com.atlassian.jira.plugin.system.customfieldtypes:multiuserpicker;com.atlassian.jira.plugin.system.customfieldtypes:userpickergroupsearcher;Freigegebene Benutzer;Diese Benutzer haben zusätzliche Sichtberechtigung;NULL;NULL;NULL;NULL;NULL;2018-01-04 15:51:47.213;1092
10324;com.atlassian.jira.plugin.system.customfieldtypes:select;com.atlassian.jira.plugin.system.customfieldtypes:multiselectsearcher;Planungsthema;NULL;NULL;NULL;NULL;NULL;NULL;2025-01-10 13:15:24.307;308186
10326;com.atlassian.jira.plugin.system.customfieldtypes:userpicker;com.atlassian.jira.plugin.system.customfieldtypes:userpickergroupsearcher;Verantwortlicher Mitarbeiter;NULL;NULL;NULL;NULL;NULL;NULL;2022-03-23 08:28:45.140;8441
10327;com.atlassian.jira.plugin.system.customfieldtypes:datepicker;com.atlassian.jira.plugin.system.customfieldtypes:daterange;Zieltermin;NULL;NULL;NULL;NULL;NULL;NULL;2024-10-16 14:11:53.660;8863
10328;com.atlassian.jira.plugin.system.customfieldtypes:userpicker;com.atlassian.jira.plugin.system.customfieldtypes:userpickergroupsearcher;Zuständige Führungskraft;NULL;NULL;NULL;NULL;NULL;NULL;2018-02-28 17:12:57.387;8420
10329;com.atlassian.jira.plugin.system.customfieldtypes:textfield;com.atlassian.jira.plugin.system.customfieldtypes:textsearcher;Zuständige OE;NULL;NULL;NULL;NULL;NULL;NULL;2024-12-19 14:15:27.537;1101
10330;com.atlassian.jira.plugin.system.customfieldtypes:radiobuttons;com.atlassian.jira.plugin.system.customfieldtypes:multiselectsearcher;Digitalisierungs- projekt;;NULL;NULL;NULL;NULL;NULL;2022-12-21 16:58:24.813;92577
10331;com.atlassian.jira.plugin.system.customfieldtypes:radiobuttons;com.atlassian.jira.plugin.system.customfieldtypes:multiselectsearcher;Zielsetzung;;NULL;NULL;NULL;NULL;NULL;2025-01-13 14:29:07.030;309353
10332;com.atlassian.jira.plugin.system.customfieldtypes:radiobuttons;com.atlassian.jira.plugin.system.customfieldtypes:multiselectsearcher;Planungsart;NULL;NULL;NULL;NULL;NULL;NULL;2022-12-21 16:58:24.813;92577
10333;com.atlassian.jira.plugin.system.customfieldtypes:radiobuttons;com.atlassian.jira.plugin.system.customfieldtypes:multiselectsearcher;Projekttyp;NULL;NULL;NULL;NULL;NULL;NULL;2025-01-13 17:29:07.200;308148
10400;com.onresolve.jira.groovy.groovyrunner:jqlFunctionsCustomFieldType;com.onresolve.jira.groovy.groovyrunner:jqlFunctionsSearcher;issueFunction;Field created by script runner plugin for advanced issue functions. Do not place on any screen.;NULL;NULL;NULL;NULL;NULL;NULL;0
10500;com.atlassian.jira.plugin.system.customfieldtypes:userpicker;com.atlassian.jira.plugin.system.customfieldtypes:userpickergroupsearcher;Abnahme - Auswahl;;NULL;NULL;NULL;NULL;NULL;2018-04-17 14:56:32.750;8690
10501;com.atlassian.jira.plugin.system.customfieldtypes:radiobuttons;com.atlassian.jira.plugin.system.customfieldtypes:multiselectsearcher;Planjahr;NULL;NULL;NULL;NULL;NULL;NULL;2022-12-21 16:58:24.813;110273
10502;com.atlassian.jira.plugin.system.customfieldtypes:select;com.atlassian.jira.plugin.system.customfieldtypes:multiselectsearcher;SAP-Anwendungssystem;NULL;NULL;NULL;NULL;NULL;NULL;2025-01-13 17:29:07.200;308199
10600;com.atlassian.jira.plugin.system.customfieldtypes:select;com.atlassian.jira.plugin.system.customfieldtypes:multiselectsearcher;Art;NULL;NULL;NULL;NULL;NULL;NULL;2022-12-21 16:58:24.813;91475
10601;com.atlassian.jira.plugin.system.customfieldtypes:select;com.atlassian.jira.plugin.system.customfieldtypes:multiselectsearcher;Vertriebsweg;NULL;NULL;NULL;NULL;NULL;NULL;2022-12-21 16:58:24.813;91476
10602;com.atlassian.jira.plugin.system.customfieldtypes:select;com.atlassian.jira.plugin.system.customfieldtypes:multiselectsearcher;betroffener Bereich;NULL;NULL;NULL;NULL;NULL;NULL;2022-12-21 16:58:24.813;91475
10603;com.atlassian.jira.plugin.system.customfieldtypes:select;com.atlassian.jira.plugin.system.customfieldtypes:multiselectsearcher;Bereichsspezifizierung;NULL;NULL;NULL;NULL;NULL;NULL;2022-12-21 16:58:24.813;91475
10604;com.atlassian.jira.plugin.system.customfieldtypes:select;com.atlassian.jira.plugin.system.customfieldtypes:multiselectsearcher;Anliegenkategorie;NULL;NULL;NULL;NULL;NULL;NULL;2022-12-21 16:58:24.813;91475
10605;com.atlassian.jira.plugin.system.customfieldtypes:select;com.atlassian.jira.plugin.system.customfieldtypes:multiselectsearcher;Ergebnis Anliegen;NULL;NULL;NULL;NULL;NULL;NULL;2023-07-11 10:06:26.680;93332
10606;com.atlassian.jira.plugin.system.customfieldtypes:select;com.atlassian.jira.plugin.system.customfieldtypes:multiselectsearcher;VIP-Beteiligung;NULL;NULL;NULL;NULL;NULL;NULL;2022-12-21 16:58:24.813;91475
10607;com.atlassian.jira.plugin.system.customfieldtypes:textfield;com.atlassian.jira.plugin.system.customfieldtypes:textsearcher;Betreff;NULL;NULL;NULL;NULL;NULL;NULL;NULL;0
10608;com.atlassian.jira.plugin.system.customfieldtypes:textfield;com.atlassian.jira.plugin.system.customfieldtypes:textsearcher;Anliegenbeschreibung;NULL;NULL;NULL;NULL;NULL;NULL;NULL;0
10609;com.atlassian.jira.plugin.system.customfieldtypes:select;com.atlassian.jira.plugin.system.customfieldtypes:multiselectsearcher;Anliegenkategorie II;NULL;NULL;NULL;NULL;NULL;NULL;2022-12-21 16:58:24.813;91475
10610;com.atlassian.jira.plugin.system.customfieldtypes:radiobuttons;com.atlassian.jira.plugin.system.customfieldtypes:multiselectsearcher;Bewertung Anliegen;NULL;NULL;NULL;NULL;NULL;NULL;2022-12-21 16:58:24.813;91475
10611;com.atlassian.jira.plugin.system.customfieldtypes:select;com.atlassian.jira.plugin.system.customfieldtypes:multiselectsearcher;Anliegenführer;NULL;NULL;NULL;NULL;NULL;NULL;2022-12-21 16:58:24.813;91474
10612;com.atlassian.jira.plugin.system.customfieldtypes:textfield;com.atlassian.jira.plugin.system.customfieldtypes:textsearcher;Name Anliegenführer;NULL;NULL;NULL;NULL;NULL;NULL;NULL;0
10701;com.atlassian.jira.plugin.system.customfieldtypes:multicheckboxes;com.atlassian.jira.plugin.system.customfieldtypes:multiselectsearcher;Sparte;NULL;NULL;NULL;NULL;NULL;NULL;2025-01-10 14:15:24.363;1669
10800;com.atlassian.jira.plugin.system.customfieldtypes:textarea;com.atlassian.jira.plugin.system.customfieldtypes:textsearcher;Ablehnungsgrund;Grund der Ablehnung eines Auftrags.;NULL;NULL;NULL;NULL;NULL;2025-01-10 16:15:24.460;2248
11000;com.atlassian.jira.plugin.system.customfieldtypes:userpicker;com.atlassian.jira.plugin.system.customfieldtypes:userpickergroupsearcher;Ideengeber;NULL;NULL;NULL;NULL;NULL;NULL;2021-08-26 09:21:37.397;17
11001;com.atlassian.jira.plugin.system.customfieldtypes:textarea;com.atlassian.jira.plugin.system.customfieldtypes:textsearcher;Ideenbeschreibung;NULL;NULL;NULL;NULL;NULL;NULL;2021-08-26 09:21:37.397;0
11002;com.atlassian.jira.plugin.system.customfieldtypes:textarea;com.atlassian.jira.plugin.system.customfieldtypes:textsearcher;Lösungsweg;NULL;NULL;NULL;NULL;NULL;NULL;2021-08-26 09:21:37.397;0
11201;com.atlassian.jira.plugin.system.customfieldtypes:multiuserpicker;com.atlassian.jira.plugin.system.customfieldtypes:userpickergroupsearcher;Mitarbeiter;;NULL;NULL;NULL;NULL;NULL;2025-01-13 17:29:07.200;31275
11300;com.atlassian.jira.plugin.system.customfieldtypes:select;com.atlassian.jira.plugin.system.customfieldtypes:multiselectsearcher;Dreifaltigkeit;NULL;NULL;NULL;NULL;NULL;NULL;2022-12-21 17:13:24.737;305584
11400;com.tempoplugin.tempo-accounts:accounts.customfield;com.tempoplugin.tempo-accounts:accounts.searcher;Account;Verknüpfen Sie die Arbeitszeiten und Ausgaben dieses Vorgangs mit einem Account.;NULL;NULL;NULL;NULL;NULL;NULL;NULL
11401;com.tempoplugin.tempo-teams:team.customfield;com.tempoplugin.tempo-teams:team.searcher;Team;Tempo Team Custom Feld;NULL;NULL;NULL;NULL;NULL;NULL;NULL
11402;com.tempoplugin.tempo-teams:team.role.customfield;com.tempoplugin.tempo-teams:team.role.searcher;Team Role;Tempo Team Role Custom Field;NULL;NULL;NULL;NULL;NULL;NULL;NULL
11403;com.tempoplugin.tempo-plan-core:tp.iteration.customfield;com.tempoplugin.tempo-plan-core:tp.iteration.searcher;Iteration;Iterationsfeld, nur für Benutzung mit Tempo Planner.;NULL;NULL;NULL;NULL;NULL;NULL;NULL
11405;com.atlassian.jira.plugin.system.customfieldtypes:textfield;com.atlassian.jira.plugin.system.customfieldtypes:textsearcher;Status extern;Informativer Status in der externen Bearbeitung;NULL;NULL;NULL;NULL;NULL;2025-01-13 17:29:07.200;1754
11406;com.atlassian.jira.plugin.system.customfieldtypes:textfield;com.atlassian.jira.plugin.system.customfieldtypes:textsearcher;Lösung extern;hier kann eine externe Lösung (z. B. bei Bearbeitung des Bugs durch msg) hinterlegt werden.;NULL;NULL;NULL;NULL;NULL;2025-01-13 16:29:07.140;8293
11500;com.atlassian.jira.plugin.system.customfieldtypes:textfield;com.atlassian.jira.plugin.system.customfieldtypes:textsearcher;CVE ID;Common Vulnerabilities and Exposures im Format CVE-JJJJ-nnnn, bis Ende 2013 ist die laufende Nummer fix 4-stellig, ab 2014 mindestens 4-stellig;NULL;NULL;NULL;NULL;NULL;2025-01-07 16:15:18.100;474
11501;com.atlassian.jira.plugin.system.customfieldtypes:textfield;com.atlassian.jira.plugin.system.customfieldtypes:textsearcher;SHA1-Hash;NULL;NULL;NULL;NULL;NULL;NULL;2023-02-10 14:05:26.937;19
11502;com.atlassian.jira.plugin.system.customfieldtypes:textfield;com.atlassian.jira.plugin.system.customfieldtypes:textsearcher;Dateiname;NULL;NULL;NULL;NULL;NULL;NULL;2024-08-22 20:21:13.037;48
11600;com.atlassian.jira.plugins.jira-development-integration-plugin:devsummary;com.atlassian.jira.plugins.jira-development-integration-plugin:devsummarysearcher;Entwicklung;Entwicklungszusammenfassungsfeld nur zur Verwendung mit JIRA Software.;NULL;NULL;NULL;NULL;NULL;2025-01-13 17:29:07.200;0
11700;com.atlassian.jira.plugin.system.customfieldtypes:datepicker;com.atlassian.jira.plugin.system.customfieldtypes:daterange;Early-Life-Support-Beginn;;NULL;NULL;NULL;NULL;NULL;2025-01-08 14:15:20.413;1178
11701;com.atlassian.jira.plugin.system.customfieldtypes:datepicker;com.atlassian.jira.plugin.system.customfieldtypes:daterange;Early-Life-Support-Ende;NULL;NULL;NULL;NULL;NULL;NULL;2025-01-08 14:15:20.413;1177
11702;com.atlassian.jira.plugin.system.customfieldtypes:datepicker;com.atlassian.jira.plugin.system.customfieldtypes:daterange;Ende Abnahmefrist;;NULL;NULL;NULL;NULL;NULL;2025-01-08 14:15:20.413;1218
11703;com.atlassian.jira.plugin.system.customfieldtypes:datepicker;com.atlassian.jira.plugin.system.customfieldtypes:daterange;Entwicklungsbeginn;NULL;NULL;NULL;NULL;NULL;NULL;2025-01-07 14:15:18.047;640
11704;com.atlassian.jira.plugin.system.customfieldtypes:datepicker;com.atlassian.jira.plugin.system.customfieldtypes:daterange;Entwicklungsende;NULL;NULL;NULL;NULL;NULL;NULL;2025-01-08 14:15:20.413;1235
11705;com.atlassian.jira.plugin.system.customfieldtypes:datepicker;com.atlassian.jira.plugin.system.customfieldtypes:daterange;Konzeptionsbeginn;NULL;NULL;NULL;NULL;NULL;NULL;2025-01-07 14:15:18.047;405
11706;com.atlassian.jira.plugin.system.customfieldtypes:datepicker;com.atlassian.jira.plugin.system.customfieldtypes:daterange;Konzeptionsende;NULL;NULL;NULL;NULL;NULL;NULL;2025-01-07 14:15:18.047;370
11707;com.atlassian.jira.plugin.system.customfieldtypes:datepicker;com.atlassian.jira.plugin.system.customfieldtypes:daterange;Release-Info (Detail);NULL;NULL;NULL;NULL;NULL;NULL;2023-12-18 15:13:22.593;414
11708;com.atlassian.jira.plugin.system.customfieldtypes:datepicker;com.atlassian.jira.plugin.system.customfieldtypes:daterange;Release-Info (Vorab);;NULL;NULL;NULL;NULL;NULL;2024-11-18 15:07:45.003;424
11709;com.atlassian.jira.plugin.system.customfieldtypes:datepicker;com.atlassian.jira.plugin.system.customfieldtypes:daterange;Release-Info aktualisiert am;NULL;NULL;NULL;NULL;NULL;NULL;2024-12-17 14:15:23.070;65
11710;com.atlassian.jira.plugin.system.customfieldtypes:datepicker;com.atlassian.jira.plugin.system.customfieldtypes:daterange;Rollout-Beginn;NULL;NULL;NULL;NULL;NULL;NULL;2025-01-08 14:15:20.413;1188
11711;com.atlassian.jira.plugin.system.customfieldtypes:datepicker;com.atlassian.jira.plugin.system.customfieldtypes:daterange;Rollout-Ende;NULL;NULL;NULL;NULL;NULL;NULL;2025-01-08 14:15:20.413;1186
11712;com.atlassian.jira.plugin.system.customfieldtypes:datepicker;com.atlassian.jira.plugin.system.customfieldtypes:daterange;Testbeginn;NULL;NULL;NULL;NULL;NULL;NULL;2025-01-13 08:29:06.543;1546
11713;com.atlassian.jira.plugin.system.customfieldtypes:datepicker;com.atlassian.jira.plugin.system.customfieldtypes:daterange;Testende;NULL;NULL;NULL;NULL;NULL;NULL;2025-01-09 09:15:22.057;1428
11714;com.atlassian.jira.plugin.system.customfieldtypes:userpicker;com.atlassian.jira.plugin.system.customfieldtypes:userpickergroupsearcher;Fachlicher Anwendungsverantwortlicher;;NULL;NULL;NULL;NULL;NULL;2025-01-09 16:15:22.600;1431
11715;com.atlassian.jira.plugin.system.customfieldtypes:userpicker;com.atlassian.jira.plugin.system.customfieldtypes:userpickergroupsearcher;Release-Manager;NULL;NULL;NULL;NULL;NULL;NULL;2025-01-13 16:29:07.140;31156
11716;com.atlassian.jira.plugin.system.customfieldtypes:multiuserpicker;com.atlassian.jira.plugin.system.customfieldtypes:userpickergroupsearcher;Testmanager;NULL;NULL;NULL;NULL;NULL;NULL;2025-01-08 14:15:20.413;1330
11717;com.atlassian.jira.plugin.system.customfieldtypes:multiuserpicker;com.atlassian.jira.plugin.system.customfieldtypes:userpickergroupsearcher;Stakeholder;;NULL;NULL;NULL;NULL;NULL;2025-01-09 16:15:22.600;1912
11718;com.atlassian.jira.plugin.system.customfieldtypes:radiobuttons;com.atlassian.jira.plugin.system.customfieldtypes:multiselectsearcher;Abhängigkeit zu anderen Komponenten vorhanden?;NULL;NULL;NULL;NULL;NULL;NULL;2025-01-08 14:15:20.413;1230
11720;com.atlassian.jira.plugin.system.customfieldtypes:textarea;com.atlassian.jira.plugin.system.customfieldtypes:textsearcher;Infos für die Abnahme;NULL;NULL;NULL;NULL;NULL;NULL;2025-01-08 14:15:20.413;227
11721;com.atlassian.jira.plugin.system.customfieldtypes:textarea;com.atlassian.jira.plugin.system.customfieldtypes:textsearcher;Release-Info - Allgemeiner Teil;NULL;NULL;NULL;NULL;NULL;NULL;2025-01-08 14:15:20.413;144
11723;com.atlassian.jira.plugin.system.customfieldtypes:textarea;com.atlassian.jira.plugin.system.customfieldtypes:textsearcher;Rückfrage;NULL;NULL;NULL;NULL;NULL;NULL;2021-07-06 11:54:23.377;17
11725;com.atlassian.jira.plugin.system.customfieldtypes:textarea;com.atlassian.jira.plugin.system.customfieldtypes:textsearcher;Begründung Ablehnung Planung;NULL;NULL;NULL;NULL;NULL;NULL;2021-08-05 11:35:25.400;11
11726;com.atlassian.jira.plugin.system.customfieldtypes:textarea;com.atlassian.jira.plugin.system.customfieldtypes:textsearcher;Begründung Ablehnung Stornierung;NULL;NULL;NULL;NULL;NULL;NULL;2020-03-05 13:14:47.647;6
11727;com.atlassian.jira.plugin.system.customfieldtypes:textarea;com.atlassian.jira.plugin.system.customfieldtypes:textsearcher;Begründung Stornierung;NULL;NULL;NULL;NULL;NULL;NULL;2024-11-18 15:07:45.003;326
11728;com.atlassian.jira.plugin.system.customfieldtypes:textarea;com.atlassian.jira.plugin.system.customfieldtypes:textsearcher;Begründung Verweigerung Abnahme;NULL;NULL;NULL;NULL;NULL;NULL;NULL;0
11729;com.atlassian.jira.plugin.system.customfieldtypes:textarea;com.atlassian.jira.plugin.system.customfieldtypes:textsearcher;Begründung Wiedereröffnung;NULL;NULL;NULL;NULL;NULL;NULL;2024-12-02 11:05:58.880;200
11730;com.atlassian.jira.plugin.system.customfieldtypes:readonlyfield;com.atlassian.jira.plugin.system.customfieldtypes:textsearcher;Replanning Note;NULL;NULL;NULL;NULL;NULL;NULL;2025-01-10 13:15:24.307;0
11731;com.atlassian.jira.plugin.system.customfieldtypes:multicheckboxes;com.atlassian.jira.plugin.system.customfieldtypes:multiselectsearcher;Neuplanung erforderlich?;Möchten Sie wirklich das Release neu planen?;NULL;NULL;NULL;NULL;NULL;2025-01-08 14:15:20.413;402
11800;com.atlassian.jira.plugin.system.customfieldtypes:textfield;com.atlassian.jira.plugin.system.customfieldtypes:textsearcher;Server;NULL;NULL;NULL;NULL;NULL;NULL;2025-01-13 16:29:07.140;38297
11801;com.atlassian.jira.plugin.system.customfieldtypes:textfield;com.atlassian.jira.plugin.system.customfieldtypes:textsearcher;Artifact-ID;;NULL;NULL;NULL;NULL;NULL;2021-06-25 16:20:29.027;6680
11803;com.atlassian.jira.plugin.system.customfieldtypes:textfield;com.atlassian.jira.plugin.system.customfieldtypes:textsearcher;System-ID;NULL;NULL;NULL;NULL;NULL;NULL;2025-01-13 16:29:07.140;39240
11804;com.atlassian.jira.plugin.system.customfieldtypes:textfield;com.atlassian.jira.plugin.system.customfieldtypes:textsearcher;System-Version;;NULL;NULL;NULL;NULL;NULL;2025-01-13 16:29:07.140;39223
11805;com.atlassian.jira.plugin.system.customfieldtypes:datetime;com.atlassian.jira.plugin.system.customfieldtypes:datetimerange;Deployment-Beginn;;NULL;NULL;NULL;NULL;NULL;2025-01-13 16:29:07.140;38587
11806;com.atlassian.jira.plugin.system.customfieldtypes:datetime;com.atlassian.jira.plugin.system.customfieldtypes:datetimerange;Deployment-Ende;NULL;NULL;NULL;NULL;NULL;NULL;2025-01-13 12:29:06.930;36125
11807;com.atlassian.jira.plugin.system.customfieldtypes:userpicker;com.atlassian.jira.plugin.system.customfieldtypes:userpickergroupsearcher;Deployer;NULL;NULL;NULL;NULL;NULL;NULL;2025-01-13 15:29:07.087;3281
11808;com.coresoftlabs.component-picker:multi-component-picker;com.coresoftlabs.component-picker:multi-component-searcher;Zu welchen Komponenten besteht Abhängigkeit?;NULL;NULL;NULL;NULL;NULL;NULL;2024-12-17 16:15:23.447;279
11809;com.atlassian.jira.plugin.system.customfieldtypes:select;com.atlassian.jira.plugin.system.customfieldtypes:multiselectsearcher;Deployment-Vorgehen;NULL;NULL;NULL;NULL;NULL;NULL;2025-01-13 16:29:07.140;38974
11810;com.atlassian.jira.plugin.system.customfieldtypes:textfield;com.atlassian.jira.plugin.system.customfieldtypes:textsearcher;Jenkins-Job-ID;NULL;NULL;NULL;NULL;NULL;NULL;2025-01-13 16:29:07.140;32440
11811;tr.com.obss.selectissue.selectissue-jira:jql-filtered-field-lister-custom-field;tr.com.obss.selectissue.selectissue-jira:textsearcherformultiview;Zu welchen Releasen bestehen Abhängigkeiten?;Sofern Abhängigkeiten zu anderen Releasen bestehen, wählen Sie diese bitte aus.;NULL;NULL;NULL;NULL;NULL;2022-12-13 10:05:24.513;59
11900;com.atlassian.jira.plugin.system.customfieldtypes:multicheckboxes;com.atlassian.jira.plugin.system.customfieldtypes:multiselectsearcher;Produktions-Deployment freigeben;Hiermit bestätige ich, dass für das in Produktion zu deployende Inkrement alle notwendigen Abnahmen vorliegen.;NULL;NULL;NULL;NULL;NULL;2024-04-03 16:08:39.647;11563
11903;com.atlassian.jira.plugin.system.customfieldtypes:textfield;com.atlassian.jira.plugin.system.customfieldtypes:textsearcher;Branch;NULL;NULL;NULL;NULL;NULL;NULL;2025-01-13 16:29:07.140;32433
11904;com.atlassian.jira.plugin.system.customfieldtypes:textfield;com.atlassian.jira.plugin.system.customfieldtypes:textsearcher;erforderliche Genehmiger;NULL;NULL;NULL;NULL;NULL;NULL;2025-01-13 16:29:07.140;32028
11905;com.atlassian.jira.plugin.system.customfieldtypes:multicheckboxes;com.atlassian.jira.plugin.system.customfieldtypes:multiselectsearcher;Branch-Berechtigungen;NULL;NULL;NULL;NULL;NULL;NULL;2025-01-13 16:29:07.140;32138
11906;com.atlassian.jira.plugin.system.customfieldtypes:url;com.atlassian.jira.plugin.system.customfieldtypes:exacttextsearcher;Bitbucket-Link;NULL;NULL;NULL;NULL;NULL;NULL;2025-01-13 16:29:07.140;32447
11907;com.atlassian.jira.plugin.system.customfieldtypes:multicheckboxes;com.atlassian.jira.plugin.system.customfieldtypes:multiselectsearcher;Deployment angestossen;;NULL;NULL;NULL;NULL;NULL;2022-12-21 16:39:19.703;24945
12000;com.atlassian.jira.plugin.system.customfieldtypes:textfield;com.atlassian.jira.plugin.system.customfieldtypes:textsearcher;Gemerkter Status;Merkfeld für Status;NULL;NULL;NULL;NULL;NULL;2024-11-18 15:07:45.003;23034
12001;com.atlassian.jira.plugin.system.customfieldtypes:textarea;com.atlassian.jira.plugin.system.customfieldtypes:textsearcher;Prüfsumme;;NULL;NULL;NULL;NULL;NULL;2025-01-13 15:29:07.087;22795
12100;com.atlassian.jira.plugin.system.customfieldtypes:textfield;com.atlassian.jira.plugin.system.customfieldtypes:textsearcher;Artifact-Version;NULL;NULL;NULL;NULL;NULL;NULL;2025-01-13 14:29:07.030;19221
12200;com.atlassian.jira.plugin.system.customfieldtypes:textfield;com.atlassian.jira.plugin.system.customfieldtypes:textsearcher;technischer Name / Vorlage;NULL;NULL;NULL;NULL;NULL;NULL;2025-01-09 10:15:22.113;488
12201;com.atlassian.jira.plugin.system.customfieldtypes:select;com.atlassian.jira.plugin.system.customfieldtypes:multiselectsearcher;Aufgabentyp;HR-Projekt;NULL;NULL;NULL;NULL;NULL;2025-01-13 16:29:07.140;5314
12202;com.atlassian.jira.plugin.system.customfieldtypes:textfield;com.atlassian.jira.plugin.system.customfieldtypes:textsearcher;Testfall;Referenz(en) zur Testfall-ID;NULL;NULL;NULL;NULL;NULL;2024-06-27 12:24:28.927;160
12300;com.atlassian.jira.plugin.system.customfieldtypes:select;com.atlassian.jira.plugin.system.customfieldtypes:multiselectsearcher;Aufwandsbewertung;;NULL;NULL;NULL;NULL;NULL;2024-12-18 10:15:24.873;348
12301;com.atlassian.jira.plugin.system.customfieldtypes:float;com.atlassian.jira.plugin.system.customfieldtypes:exactnumber;Aufwandschätzung C/S in PT;Feld für Individualprojekt OM-Anforderungsmanagement;NULL;NULL;NULL;NULL;NULL;2023-03-29 08:05:40.537;63
12400;com.atlassian.jira.plugin.system.customfieldtypes:select;com.atlassian.jira.plugin.system.customfieldtypes:multiselectsearcher;darf kontaktiert werden;NULL;NULL;NULL;NULL;NULL;NULL;2021-08-26 09:21:37.397;0
12401;com.atlassian.jira.plugin.system.customfieldtypes:textarea;com.atlassian.jira.plugin.system.customfieldtypes:textsearcher;Ergebnis;NULL;NULL;NULL;NULL;NULL;NULL;2021-01-28 13:32:27.363;0
12402;com.onresolve.jira.groovy.groovyrunner:hideable-textarea;NULL;Userliste_hidden;'"für Ideenmanagement; nicht mehr verwendet (23.06.2020)"';NULL;NULL;NULL;NULL;NULL;NULL;NULL
12403;com.atlassian.jira.plugin.system.customfieldtypes:textarea;com.atlassian.jira.plugin.system.customfieldtypes:textsearcher;Feature-ID;;NULL;NULL;NULL;NULL;NULL;2024-09-23 11:14:53.983;1630
12404;com.atlassian.jira.plugin.system.customfieldtypes:multiselect;com.atlassian.jira.plugin.system.customfieldtypes:multiselectsearcher;Arbeitstyp;NULL;NULL;NULL;NULL;NULL;NULL;2020-07-08 15:38:44.387;48
12406;com.atlassian.jira.plugin.system.customfieldtypes:float;com.atlassian.jira.plugin.system.customfieldtypes:exactnumber;Aufwandsschätzung POSY;Feld für Individualprojekt OM-Anforderungsmanagement;NULL;NULL;NULL;NULL;NULL;2022-02-17 12:31:17.637;28
12407;com.atlassian.jira.plugin.system.customfieldtypes:float;com.atlassian.jira.plugin.system.customfieldtypes:exactnumber;Aufwandsschätzung DOPiX;Feld für Individualprojekt OM-Anforderungsmanagement;NULL;NULL;NULL;NULL;NULL;2022-05-16 13:50:30.527;11
12408;com.atlassian.jira.plugin.system.customfieldtypes:float;com.atlassian.jira.plugin.system.customfieldtypes:exactnumber;Aufwandsschätzung Admin;Feld für Individualprojekt OM-Anforderungsmanagement;NULL;NULL;NULL;NULL;NULL;2022-05-16 13:50:34.767;1
12409;com.atlassian.jira.plugin.system.customfieldtypes:userpicker;com.atlassian.jira.plugin.system.customfieldtypes:userpickergroupsearcher;Business Owner;Business Owner kennt die Anforderung, nimmt diese nach Umsetzung ab und stellt Tester zur Verfügung;NULL;NULL;NULL;NULL;NULL;2025-01-09 16:15:22.600;892
12410;com.atlassian.jira.plugin.system.customfieldtypes:select;com.atlassian.jira.plugin.system.customfieldtypes:multiselectsearcher;AML: Kategorie;AML: Auswahl-Feld Anforderung/CR;NULL;NULL;NULL;NULL;NULL;2025-01-09 09:15:22.057;619
12411;com.atlassian.jira.plugin.system.customfieldtypes:float;com.atlassian.jira.plugin.system.customfieldtypes:exactnumber;AML: Aufwand msg;AML: Zahlenfeld für Aufwand msg;NULL;NULL;NULL;NULL;NULL;2024-10-22 09:09:29.790;211
12412;com.atlassian.jira.plugin.system.customfieldtypes:select;com.atlassian.jira.plugin.system.customfieldtypes:multiselectsearcher;AML: Auswahlfeld fachliche Notwendigkeit;AML: Auswahlfeld für die fachliche Notwendigkeit;NULL;NULL;NULL;NULL;NULL;2024-10-22 09:09:29.790;73
12413;com.atlassian.jira.plugin.system.customfieldtypes:datepicker;com.atlassian.jira.plugin.system.customfieldtypes:daterange;Wunschtermin;Wunschtermin von Seiten der Anforderer;NULL;NULL;NULL;NULL;NULL;2024-10-22 09:09:29.790;447
12500;com.atlassian.jira.plugin.system.customfieldtypes:textarea;com.atlassian.jira.plugin.system.customfieldtypes:textsearcher;Docker-Image;NULL;NULL;NULL;NULL;NULL;NULL;2025-01-13 16:29:07.140;11518
12501;com.atlassian.jira.plugin.system.customfieldtypes:textarea;com.atlassian.jira.plugin.system.customfieldtypes:textsearcher;Docker-Version;NULL;NULL;NULL;NULL;NULL;NULL;2025-01-13 16:29:07.140;11545
12502;com.atlassian.jira.plugin.system.customfieldtypes:readonlyfield;com.atlassian.jira.plugin.system.customfieldtypes:textsearcher;LastUpdatedComment;Comment History field, do not use or add to screens;NULL;NULL;NULL;NULL;NULL;2025-01-13 15:29:07.087;165577
12503;com.atlassian.jira.plugin.system.customfieldtypes:readonlyfield;com.atlassian.jira.plugin.system.customfieldtypes:textsearcher;LastCreatedComment;Comment History field, do not use or add to screens;NULL;NULL;NULL;NULL;NULL;2025-01-13 14:29:07.030;148263
12504;com.atlassian.jira.plugin.system.customfieldtypes:float;com.atlassian.jira.plugin.system.customfieldtypes:exactnumber;Aufwandsschätzung Konzeption/Analyse;Geschätzter Aufwand in Personentagen.;NULL;NULL;NULL;NULL;NULL;2025-01-10 07:15:23.817;1717
12505;com.atlassian.jira.plugin.system.customfieldtypes:float;com.atlassian.jira.plugin.system.customfieldtypes:exactnumber;Aufwandsschätzung Entwicklung;Geschätzter Aufwand in Personentagen.;NULL;NULL;NULL;NULL;NULL;2024-11-29 19:05:53.587;3939
12506;com.atlassian.jira.plugin.system.customfieldtypes:float;com.atlassian.jira.plugin.system.customfieldtypes:exactnumber;Restaufwand Konzeption/Analyse;Geschätzter Aufwand in Personentagen.;NULL;NULL;NULL;NULL;NULL;2024-06-28 11:24:31.783;1074
12507;com.atlassian.jira.plugin.system.customfieldtypes:float;com.atlassian.jira.plugin.system.customfieldtypes:exactnumber;Aufwandsschätzung Sonstiges;Geschätzter Aufwand in Personentagen.;NULL;NULL;NULL;NULL;NULL;2025-01-13 16:29:07.140;706
12508;com.atlassian.jira.plugin.system.customfieldtypes:textarea;com.atlassian.jira.plugin.system.customfieldtypes:textsearcher;Userliste;mehrzeiliges Textfeld für IDEA;NULL;NULL;NULL;NULL;NULL;2021-07-21 16:55:53.740;0
12509;com.atlassian.jira.plugin.system.customfieldtypes:select;com.atlassian.jira.plugin.system.customfieldtypes:multiselectsearcher;Deployment-Typ;Kennzeichnet den Änderungsumfang gemäß Semantic Versioning. Major = API-inkompatible Änderung, Minor = API-kompatible Änderung, Patch = API-kompatible Bugs, Hotfix = API-kompatibler Bugs für Produktion;NULL;NULL;NULL;NULL;NULL;2025-01-13 16:29:07.140;29003
12510;com.atlassian.jira.plugin.system.customfieldtypes:url;com.atlassian.jira.plugin.system.customfieldtypes:exacttextsearcher;Health-Check;NULL;NULL;NULL;NULL;NULL;NULL;2020-07-13 11:07:53.260;1
12511;com.atlassian.jira.plugin.system.customfieldtypes:radiobuttons;com.atlassian.jira.plugin.system.customfieldtypes:multiselectsearcher;Inkrement wird als Release deployt;Kennzeichnet, dass das zu deployende Inkrement eine Release- und keine Snapshot-Version ist.;NULL;NULL;NULL;NULL;NULL;2025-01-13 16:29:07.140;28995
12512;com.atlassian.jira.plugin.system.customfieldtypes:textarea;com.atlassian.jira.plugin.system.customfieldtypes:textsearcher;Letzte abwärtskompatible Version;NULL;NULL;NULL;NULL;NULL;NULL;2025-01-13 15:29:07.087;9209
12513;com.atlassian.jira.plugin.system.customfieldtypes:radiobuttons;com.atlassian.jira.plugin.system.customfieldtypes:multiselectsearcher;System-/Artifact-Version stabil;Kennzeichnet, ob die zu deployende System-/Artifact-Version seitens der Entwicklung als stabil für Umsysteme gesehen wird.;NULL;NULL;NULL;NULL;NULL;2025-01-13 16:29:07.140;28992
12600;com.atlassian.jira.plugin.system.customfieldtypes:textfield;com.atlassian.jira.plugin.system.customfieldtypes:textsearcher;Briefnummer;NULL;NULL;NULL;NULL;NULL;NULL;2024-09-19 11:14:46.413;1609
12601;com.atlassian.jira.plugin.system.customfieldtypes:project;com.atlassian.jira.plugin.system.customfieldtypes:projectsearcher;Geplant in;NULL;NULL;NULL;NULL;NULL;NULL;2025-01-13 14:29:07.030;5089
12700;com.atlassian.jira.plugin.system.customfieldtypes:float;com.atlassian.jira.plugin.system.customfieldtypes:exactnumber;Aufwandschätzung C/S in Story Points;Feld für Individualprojekt OM-Anforderungsmanagement;NULL;NULL;NULL;NULL;NULL;2023-05-30 14:02:56.563;35
12701;com.atlassian.jira.plugin.system.customfieldtypes:userpicker;com.atlassian.jira.plugin.system.customfieldtypes:userpickergroupsearcher;fachlicher Tester;für Projekt DOKUMENSTV;NULL;NULL;NULL;NULL;NULL;2025-01-10 12:15:24.250;4265
12800;com.atlassian.jira.plugin.system.customfieldtypes:textfield;com.atlassian.jira.plugin.system.customfieldtypes:textsearcher;Nummer zu;z. B. Versicherungsschein / Auftrag / Schaden...;NULL;NULL;NULL;NULL;NULL;2025-01-13 15:29:07.087;11403
12801;com.atlassian.jira.plugin.system.customfieldtypes:textfield;com.atlassian.jira.plugin.system.customfieldtypes:textsearcher;Omnitracker-ID;NULL;NULL;NULL;NULL;NULL;NULL;2025-01-13 15:29:07.087;1801
12900;com.okapya.jira.checklist:checklist;com.okapya.jira.checklist:checklist-searcher;Checklisten;NULL;NULL;NULL;NULL;NULL;NULL;2025-01-13 17:29:07.200;275799
13000;com.atlassian.jira.plugin.system.customfieldtypes:multiuserpicker;com.atlassian.jira.plugin.system.customfieldtypes:userpickergroupsearcher;fachliche Ansprechpartner;Ansprechpartner für Rückfragen;NULL;NULL;NULL;NULL;NULL;2025-01-13 15:29:07.087;814
13001;com.atlassian.jira.plugin.system.customfieldtypes:multiuserpicker;com.atlassian.jira.plugin.system.customfieldtypes:userpickergroupsearcher;technische Ansprechpartner;Ansprechpartner für Rückfragen;NULL;NULL;NULL;NULL;NULL;2025-01-13 15:29:07.087;206
13002;com.atlassian.jira.plugin.system.customfieldtypes:multiuserpicker;com.atlassian.jira.plugin.system.customfieldtypes:userpickergroupsearcher;Nutzerkreis_Person;Teilnehmer an Reviews, Einbindung in Definition, Design und Umsetzung;NULL;NULL;NULL;NULL;NULL;2023-10-18 09:12:36.963;278
13003;com.atlassian.jira.plugin.system.customfieldtypes:textarea;com.atlassian.jira.plugin.system.customfieldtypes:textsearcher;Beschreibung Nutzen;Bitte geben sie an welcher Qualitativer und welcher Quantitativer Nutzen zu erwarten ist. Zusätzlich sollten sie die Konsequenzen bei Nicht-Umsetzung beschreiben und begründen.;NULL;NULL;NULL;NULL;NULL;2025-01-10 14:15:24.363;2591
13100;com.atlassian.jira.plugin.system.customfieldtypes:radiobuttons;com.atlassian.jira.plugin.system.customfieldtypes:multiselectsearcher;Relevanz UI / UX;NULL;NULL;NULL;NULL;NULL;NULL;2025-01-09 16:15:22.600;268641
13101;com.atlassian.jira.plugin.system.customfieldtypes:radiobuttons;com.atlassian.jira.plugin.system.customfieldtypes:multiselectsearcher;Relevanz Datenschutz;NULL;NULL;NULL;NULL;NULL;NULL;2025-01-10 18:15:24.563;268472
13102;com.atlassian.jira.plugin.system.customfieldtypes:radiobuttons;com.atlassian.jira.plugin.system.customfieldtypes:multiselectsearcher;Relevanz Mitbestimmungsgremien;NULL;NULL;NULL;NULL;NULL;NULL;2025-01-10 18:15:24.563;268456
13103;com.atlassian.jira.plugin.system.customfieldtypes:radiobuttons;com.atlassian.jira.plugin.system.customfieldtypes:multiselectsearcher;Relevanz Revision;NULL;NULL;NULL;NULL;NULL;NULL;2025-01-09 16:15:22.600;268622
13104;com.atlassian.jira.plugin.system.customfieldtypes:radiobuttons;com.atlassian.jira.plugin.system.customfieldtypes:multiselectsearcher;Relevanz Architektur;NULL;NULL;NULL;NULL;NULL;NULL;2025-01-09 15:15:22.393;268653
13105;com.atlassian.jira.plugin.system.customfieldtypes:textarea;com.atlassian.jira.plugin.system.customfieldtypes:textsearcher;Feature-Effektivität;Möglichkeit zu überprüfen, ob der Business Value eintritt;NULL;NULL;NULL;NULL;NULL;2024-11-15 16:07:39.333;538
13106;com.atlassian.jira.plugin.system.customfieldtypes:textarea;com.atlassian.jira.plugin.system.customfieldtypes:textsearcher;Akzeptanzkriterien & Non Functional Requirements;NULL;NULL;NULL;NULL;NULL;NULL;2025-01-09 18:15:22.727;732
13107;com.atlassian.jira.plugin.system.customfieldtypes:float;com.atlassian.jira.plugin.system.customfieldtypes:exactnumber;Business Value;NULL;NULL;NULL;NULL;NULL;NULL;2025-01-13 15:29:07.087;1324
13108;com.atlassian.jira.plugin.system.customfieldtypes:float;com.atlassian.jira.plugin.system.customfieldtypes:exactnumber;Time Criticality;NULL;NULL;NULL;NULL;NULL;NULL;2025-01-09 15:15:22.393;1259
13109;com.atlassian.jira.plugin.system.customfieldtypes:float;com.atlassian.jira.plugin.system.customfieldtypes:exactnumber;JobSize;NULL;NULL;NULL;NULL;NULL;NULL;2025-01-13 15:29:07.087;1298
13110;com.atlassian.jira.plugin.system.customfieldtypes:float;com.atlassian.jira.plugin.system.customfieldtypes:exactnumber;Opportunity Enablement / Risk Reduction;NULL;NULL;NULL;NULL;NULL;NULL;2025-01-13 15:29:07.087;1224
13111;com.atlassian.jira.plugin.system.customfieldtypes:float;com.atlassian.jira.plugin.system.customfieldtypes:exactnumber;WSJF;(BV+TC+OERR) / JS;NULL;NULL;NULL;NULL;NULL;2025-01-13 15:29:07.087;1113
13112;com.atlassian.jira.plugin.system.customfieldtypes:userpicker;com.atlassian.jira.plugin.system.customfieldtypes:userpickergroupsearcher;Dokumentverantwortlicher für PROD-Freigabe;NULL;NULL;NULL;NULL;NULL;NULL;2025-01-10 12:15:24.250;4208
13113;com.atlassian.jira.plugin.system.customfieldtypes:multiuserpicker;com.atlassian.jira.plugin.system.customfieldtypes:userpickergroupsearcher;fachliche Tester;Führen fachliche Tests durch und können vom Business Owner angefragt werden.;NULL;NULL;NULL;NULL;NULL;2025-01-13 15:29:07.087;2469
13114;com.atlassian.jira.plugin.system.customfieldtypes:select;com.atlassian.jira.plugin.system.customfieldtypes:multiselectsearcher;Art der Anforderung;NULL;NULL;NULL;NULL;NULL;NULL;2025-01-09 15:15:22.393;2454
13202;com.atlassian.jira.plugin.system.customfieldtypes:textarea;com.atlassian.jira.plugin.system.customfieldtypes:textsearcher;Deployment-Zeiten;NULL;NULL;NULL;NULL;NULL;NULL;2022-12-21 15:46:35.183;31838
13300;com.atlassian.jira.plugin.system.customfieldtypes:multicheckboxes;com.atlassian.jira.plugin.system.customfieldtypes:multiselectsearcher;Stage;NULL;NULL;NULL;NULL;NULL;NULL;NULL;0
13301;com.atlassian.jira.plugin.system.customfieldtypes:textarea;com.atlassian.jira.plugin.system.customfieldtypes:textsearcher;Artifact-ID (neu);NULL;NULL;NULL;NULL;NULL;NULL;2025-01-13 14:29:07.030;13208
13303;com.coresoftlabs.component-picker:multi-component-picker;com.coresoftlabs.component-picker:multi-component-searcher;Whitelist SIT temporär;Kennzeichnet, für welche Komponenten temporär die Deployment-Regeln für SIT nicht gelten, z. B. für eine Deployment-Initialisierung;NULL;NULL;NULL;NULL;NULL;2024-01-09 09:16:48.870;1
13304;com.coresoftlabs.component-picker:multi-component-picker;com.coresoftlabs.component-picker:multi-component-searcher;Whitelist SIT dauerhaft;Kennzeichnet, für welche Komponenten dauerhaft die Deployment-Regeln für SIT nicht gelten, da dies hausweit abgestimmt ist, z. B. über die Architektur;NULL;NULL;NULL;NULL;NULL;2023-08-24 10:06:41.570;2
13305;com.coresoftlabs.component-picker:multi-component-picker;com.coresoftlabs.component-picker:multi-component-searcher;Whitelist VPRD temporär;Kennzeichnet, für welche Komponenten temporär die Deployment-Regeln für VPRD nicht gelten, z. B. für eine Deployment-Initialisierung;NULL;NULL;NULL;NULL;NULL;2024-01-04 12:16:28.240;0
13306;com.coresoftlabs.component-picker:multi-component-picker;com.coresoftlabs.component-picker:multi-component-searcher;Whitelist VPRD dauerhaft;Kennzeichnet, für welche Komponenten dauerhaft die Deployment-Regeln für VPRD nicht gelten, da dies hausweit abgestimmt ist, z. B. über die Architektur;NULL;NULL;NULL;NULL;NULL;2022-11-18 16:18:18.407;2
13307;com.atlassian.jira.plugin.system.customfieldtypes:multicheckboxes;com.atlassian.jira.plugin.system.customfieldtypes:multiselectsearcher;Ticket schliessen;"Möchten Sie das Ticket wirklich schließen?";NULL;NULL;NULL;NULL;NULL;2024-07-03 14:09:52.957;20
13308;com.atlassian.jira.plugin.system.customfieldtypes:userpicker;com.atlassian.jira.plugin.system.customfieldtypes:userpickergroupsearcher;Administrator;Eintrag eines stellvertretenden Administrators (im Projekten DPL und DPLD);NULL;NULL;NULL;NULL;NULL;2022-12-19 17:30:58.703;2
13309;com.atlassian.jira.plugin.system.customfieldtypes:radiobuttons;com.atlassian.jira.plugin.system.customfieldtypes:multiselectsearcher;Whitelist erfuellt;NULL;NULL;NULL;NULL;NULL;NULL;2025-01-13 16:29:07.140;249247
13400;com.atlassian.jira.plugin.system.customfieldtypes:textfield;com.atlassian.jira.plugin.system.customfieldtypes:textsearcher;Projektname;Der Name des zugeordneten Projekts.;NULL;NULL;NULL;NULL;NULL;2024-12-13 12:12:02.387;185
13401;com.atlassian.jira.plugin.system.customfieldtypes:textfield;com.atlassian.jira.plugin.system.customfieldtypes:textsearcher;Imagepfad;Pfad im Artifactory auf das Image, z.B. artifactory:5000/image_sandbox/alpine-ca:3.12.2;NULL;NULL;NULL;NULL;NULL;2024-12-13 12:12:02.387;4746
13402;com.atlassian.jira.plugin.system.customfieldtypes:textarea;com.atlassian.jira.plugin.system.customfieldtypes:textsearcher;SHA256-Hash;Der SHA256-Hashwert aus Artifactory;NULL;NULL;NULL;NULL;NULL;2022-09-23 15:51:45.117;4583
13403;com.atlassian.jira.plugin.system.customfieldtypes:textfield;com.atlassian.jira.plugin.system.customfieldtypes:textsearcher;Jenkins-Buildlauf;Die URL auf den Jenkins-Buildlauf.;NULL;NULL;NULL;NULL;NULL;2021-10-19 14:41:13.090;54
13404;com.okapya.jira.checklist:checklist;com.okapya.jira.checklist:checklist-searcher;editierbare Checkliste;;NULL;NULL;NULL;NULL;NULL;2025-01-13 17:29:07.200;8951
13406;com.atlassian.jira.plugin.system.customfieldtypes:textfield;com.atlassian.jira.plugin.system.customfieldtypes:textsearcher;Ansprechpartner;NULL;NULL;NULL;NULL;NULL;NULL;2021-01-18 11:48:51.560;17
13500;com.atlassian.jira.plugin.system.customfieldtypes:datepicker;com.atlassian.jira.plugin.system.customfieldtypes:daterange;ErstellungsDatum-Merker;NULL;NULL;NULL;NULL;NULL;NULL;NULL;0
13501;com.coresoftlabs.component-picker:multi-component-picker;com.coresoftlabs.component-picker:multi-component-searcher;Whitelist PROD dauerhaft;Kennzeichnet, für welche Komponenten dauerhaft die Deployment-Regeln für PROD nicht gelten, da dies hausweit abgestimmt ist, z. B. über die Architektur;NULL;NULL;NULL;NULL;NULL;NULL;0
13502;com.coresoftlabs.component-picker:multi-component-picker;com.coresoftlabs.component-picker:multi-component-searcher;Whitelist PROD temporär;Kennzeichnet, für welche Komponenten temporär die Deployment-Regeln für PROD nicht gelten, z. B. für eine Deployment-Initialisierung;NULL;NULL;NULL;NULL;NULL;NULL;0
13600;com.atlassian.jira.plugin.system.customfieldtypes:textarea;com.atlassian.jira.plugin.system.customfieldtypes:textsearcher;Jenkins-Buildläufe;Die Bildläufe im Jenkins;NULL;NULL;NULL;NULL;NULL;2022-09-23 15:51:45.117;4561
13601;com.atlassian.jira.plugin.system.customfieldtypes:datetime;com.atlassian.jira.plugin.system.customfieldtypes:datetimerange;Erledigt-Datum;angelegt für DOKUMENSTV;NULL;NULL;NULL;NULL;NULL;2025-01-13 15:29:07.087;10671
13700;com.atlassian.jira.plugin.system.customfieldtypes:labels;com.atlassian.jira.plugin.system.customfieldtypes:labelsearcher;DOPiX-Admin AP;Kennzeichnung von Anforderungen zu einem von dem Administratoren geschnürten Arbeitspaket für die interne Arbeitsstruktur;NULL;NULL;NULL;NULL;NULL;2021-11-25 10:34:50.917;0
13800;com.atlassian.jira.plugin.system.customfieldtypes:select;com.atlassian.jira.plugin.system.customfieldtypes:multiselectsearcher;Vorhabentyp;NULL;NULL;NULL;NULL;NULL;NULL;2025-01-10 08:15:23.870;191
13801;com.atlassian.jira.plugin.system.customfieldtypes:float;com.atlassian.jira.plugin.system.customfieldtypes:exactnumber;Scorewert;NULL;NULL;NULL;NULL;NULL;NULL;NULL;4
13802;com.atlassian.jira.plugin.system.customfieldtypes:userpicker;com.atlassian.jira.plugin.system.customfieldtypes:userpickergroupsearcher;Anforderer;;NULL;NULL;NULL;NULL;NULL;2025-01-13 13:29:06.980;1217
13803;com.atlassian.jira.plugin.system.customfieldtypes:select;com.atlassian.jira.plugin.system.customfieldtypes:multiselectsearcher;Geschaeftseinheit;für Demandmanagement;NULL;NULL;NULL;NULL;NULL;2025-01-09 12:15:22.230;1263
13804;com.atlassian.jira.plugin.system.customfieldtypes:textarea;com.atlassian.jira.plugin.system.customfieldtypes:textsearcher;Begründung Verworfen;;NULL;NULL;NULL;NULL;NULL;2024-01-18 09:11:41.087;165
13805;com.atlassian.jira.plugin.system.customfieldtypes:datepicker;com.atlassian.jira.plugin.system.customfieldtypes:daterange;zurückgestellt bis;NULL;NULL;NULL;NULL;NULL;NULL;2024-11-21 15:08:33.640;35
13807;com.atlassian.jira.plugin.system.customfieldtypes:userpicker;com.atlassian.jira.plugin.system.customfieldtypes:userpickergroupsearcher;Technischer Anwendungsverantwortlicher;NULL;NULL;NULL;NULL;NULL;NULL;2025-01-08 14:15:20.413;1118
13808;com.atlassian.jira.plugin.system.customfieldtypes:datepicker;com.atlassian.jira.plugin.system.customfieldtypes:daterange;Testbeginn SIT;;NULL;NULL;NULL;NULL;NULL;2025-01-03 15:09:42.320;807
13809;com.atlassian.jira.plugin.system.customfieldtypes:datepicker;com.atlassian.jira.plugin.system.customfieldtypes:daterange;Testende SIT;;NULL;NULL;NULL;NULL;NULL;2025-01-03 15:09:42.320;792
13810;com.atlassian.jira.plugin.system.customfieldtypes:datepicker;com.atlassian.jira.plugin.system.customfieldtypes:daterange;Testbeginn VPRD;;NULL;NULL;NULL;NULL;NULL;2025-01-08 14:15:20.413;974
13811;com.atlassian.jira.plugin.system.customfieldtypes:datepicker;com.atlassian.jira.plugin.system.customfieldtypes:daterange;Testende VPRD;;NULL;NULL;NULL;NULL;NULL;2025-01-08 14:15:20.413;969
13900;com.atlassian.jira.plugin.system.customfieldtypes:textfield;com.atlassian.jira.plugin.system.customfieldtypes:textsearcher;icingaKey;Required for Icinga Integration;NULL;NULL;NULL;NULL;NULL;2021-09-15 15:12:00.000;3
13901;com.atlassian.jira.plugin.system.customfieldtypes:textfield;com.atlassian.jira.plugin.system.customfieldtypes:textsearcher;icingaStatus;Required for Icinga Integration.;NULL;NULL;NULL;NULL;NULL;2022-07-19 10:59:37.003;3
13902;com.atlassian.jira.plugin.system.customfieldtypes:textfield;com.atlassian.jira.plugin.system.customfieldtypes:textsearcher;geplantes Release_alt;"dieses Feld wird nicht mehr verwendet, dafür gibt es das Feld ""Geplantes Release"" (Version-Picker)";NULL;NULL;NULL;NULL;NULL;2021-10-19 11:21:23.927;5
13903;com.okapya.jira.checklist:checklist;com.okapya.jira.checklist:checklist-searcher;Definition of Done;NULL;NULL;NULL;NULL;NULL;NULL;2025-01-13 17:29:07.200;26420
13904;com.atlassian.jira.plugin.system.customfieldtypes:labels;com.atlassian.jira.plugin.system.customfieldtypes:labelsearcher;Fachsendungsteil;Nummer für den Fachsendungsteil bzw. Druckstücknummer bzw. Briefnummer;NULL;NULL;NULL;NULL;NULL;2025-01-10 12:15:24.250;0
13905;com.atlassian.jira.plugin.system.customfieldtypes:labels;com.atlassian.jira.plugin.system.customfieldtypes:labelsearcher;Fachsendungsschlüssel;Eindeutige ID für eine Fachsendung;NULL;NULL;NULL;NULL;NULL;2024-06-26 17:24:27.517;0
13906;com.atlassian.jira.plugin.system.customfieldtypes:select;com.atlassian.jira.plugin.system.customfieldtypes:multiselectsearcher;Kategorie;Art der Aufgabe;NULL;NULL;NULL;NULL;NULL;2024-06-26 17:24:27.517;3638
13907;com.atlassian.jira.plugin.system.customfieldtypes:select;com.atlassian.jira.plugin.system.customfieldtypes:multiselectsearcher;technischer Weg;Art des Briefes (Sendung);NULL;NULL;NULL;NULL;NULL;2025-01-09 13:15:22.283;399
14000;com.atlassian.jira.plugin.system.customfieldtypes:textfield;com.atlassian.jira.plugin.system.customfieldtypes:textsearcher;Abgeleitet von;NULL;NULL;NULL;NULL;NULL;NULL;2021-08-19 09:20:21.177;3
14100;com.atlassian.jira.plugin.system.customfieldtypes:labels;com.atlassian.jira.plugin.system.customfieldtypes:labelsearcher;ID Fachbereich;ID zur Auftragszuordnung aus dem FB;NULL;NULL;NULL;NULL;NULL;2021-11-05 11:01:51.130;0
14101;com.atlassian.jira.plugin.system.customfieldtypes:labels;com.atlassian.jira.plugin.system.customfieldtypes:labelsearcher;Freigabeschlüssel;NULL;NULL;NULL;NULL;NULL;NULL;2024-10-28 15:19:08.667;0
14102;com.atlassian.jira.plugin.system.customfieldtypes:select;com.atlassian.jira.plugin.system.customfieldtypes:multiselectsearcher;Deploymentauftrag;NULL;NULL;NULL;NULL;NULL;NULL;2024-04-29 12:07:42.710;72254
14200;com.atlassian.jira.plugin.system.customfieldtypes:float;com.atlassian.jira.plugin.system.customfieldtypes:exactnumber;Restaufwand Entwicklung;Geschätzter Aufwand in Personentagen;NULL;NULL;NULL;NULL;NULL;2024-06-28 11:24:31.783;887
14300;com.atlassian.jira.plugin.system.customfieldtypes:cascadingselect;com.atlassian.jira.plugin.system.customfieldtypes:cascadingselectsearcher;Geschäftseinheit / OE (E2);Auftraggebende Geschäftseinheit / Operationseinheit;NULL;NULL;NULL;NULL;NULL;2022-04-28 15:05:54.080;3
14400;com.atlassian.jira.plugin.system.customfieldtypes:textfield;com.atlassian.jira.plugin.system.customfieldtypes:textsearcher;Jenkins-Scanlauf;NULL;NULL;NULL;NULL;NULL;NULL;2024-12-13 12:12:02.387;95
14401;com.atlassian.jira.plugin.system.customfieldtypes:textarea;com.atlassian.jira.plugin.system.customfieldtypes:textsearcher;Scan-Ergebnis;NULL;NULL;NULL;NULL;NULL;NULL;2023-10-16 13:15:22.853;15
14501;com.atlassian.jira.plugin.system.customfieldtypes:multicheckboxes;com.atlassian.jira.plugin.system.customfieldtypes:multiselectsearcher;Cluster Zuordnung;Bitte kennzeichnen Sie zu welchem Cluster das Deployment gehört, bzw. auf welche Cluster das Deployment Auswirkungen hat;NULL;NULL;NULL;NULL;NULL;2024-03-28 14:09:26.530;15756
14600;com.atlassian.jira.plugin.system.customfieldtypes:textfield;com.atlassian.jira.plugin.system.customfieldtypes:textsearcher;Angebotsnummer;NULL;NULL;NULL;NULL;NULL;NULL;2024-07-25 15:06:44.730;13
14601;com.atlassian.jira.plugin.system.customfieldtypes:textfield;com.atlassian.jira.plugin.system.customfieldtypes:textsearcher;Auftragsnummer;NULL;NULL;NULL;NULL;NULL;NULL;2024-11-29 07:05:52.827;1457
14700;com.atlassian.jira.plugin.system.customfieldtypes:textfield;com.atlassian.jira.plugin.system.customfieldtypes:textsearcher;Nutzerkreis;NULL;NULL;NULL;NULL;NULL;NULL;2025-01-13 15:29:07.087;404
14701;com.atlassian.jira.plugin.system.customfieldtypes:textfield;com.atlassian.jira.plugin.system.customfieldtypes:textsearcher;Wunsch-Quartal;gewünschtes Quartal für die Auslieferung (für AMAKAB );NULL;NULL;NULL;NULL;NULL;2025-01-09 16:15:22.600;186
14800;com.atlassian.jira.plugin.system.customfieldtypes:select;com.atlassian.jira.plugin.system.customfieldtypes:multiselectsearcher;getestete Umgebung;;NULL;NULL;NULL;NULL;NULL;2024-03-01 14:06:43.690;117
14900;com.atlassian.jpo:jpo-custom-field-parent;com.atlassian.jpo:jpo-custom-field-parent-searcher;Parent Link;NULL;NULL;NULL;NULL;NULL;NULL;2025-01-09 15:15:22.393;0
14901;com.atlassian.jpo:jpo-custom-field-baseline-start;com.atlassian.jpo:jpo-custom-field-baseline-start-searcher;Target start;The targeted start date. This custom field is created and required by Portfolio for Jira.;NULL;NULL;NULL;NULL;NULL;2024-12-13 17:12:02.543;0
14902;com.atlassian.jpo:jpo-custom-field-baseline-end;com.atlassian.jpo:jpo-custom-field-baseline-end-searcher;Target end;The targeted end date. This custom field is created and required by Portfolio for Jira.;NULL;NULL;NULL;NULL;NULL;2025-01-10 09:15:23.927;0
14903;com.atlassian.jpo:jpo-custom-field-original-story-points;com.atlassian.jpo:jpo-custom-field-original-story-points-searcher;Original story points;NULL;NULL;NULL;NULL;NULL;NULL;NULL;0
14904;com.atlassian.teams:rm-teams-custom-field-team;com.atlassian.teams:rm-teams-custom-field-team-searcher;Team;NULL;NULL;NULL;NULL;NULL;NULL;2025-01-13 17:29:07.200;0
15000;com.atlassian.jira.plugin.system.customfieldtypes:textfield;com.atlassian.jira.plugin.system.customfieldtypes:textsearcher;Program Increment;Program Increment field created by BigPicture;NULL;NULL;NULL;NULL;NULL;NULL;0
15007;com.atlassian.jira.plugin.system.customfieldtypes:select;com.atlassian.jira.plugin.system.customfieldtypes:multiselectsearcher;Risk probability;Risk Probability field used by BigPicture plugin. (Only Issues with both, Risk Probability and Risk Consequence values selected will appear in Risk Matrix);NULL;NULL;NULL;NULL;NULL;NULL;0
15008;com.atlassian.jira.plugin.system.customfieldtypes:select;com.atlassian.jira.plugin.system.customfieldtypes:multiselectsearcher;Risk consequence;Risk Consequence field used by BigPicture plugin. (Only Issues with both, Risk Probability and Risk Consequence values selected will appear in Risk Matrix);NULL;NULL;NULL;NULL;NULL;NULL;0
15100;com.atlassian.jira.plugin.system.customfieldtypes:radiobuttons;com.atlassian.jira.plugin.system.customfieldtypes:multiselectsearcher;Build Quality Gates;kennzeichnet, ob die Quality Gates für den Build-Lauf geprüft, erfüllt bzw. nicht erfüllt sind;NULL;NULL;NULL;NULL;NULL;2022-12-20 10:06:16.303;648
15101;com.coresoftlabs.component-picker:multi-component-picker;com.coresoftlabs.component-picker:multi-component-searcher;Whitelist Hotfix Build;kennzeichnet, für welche Komponenten im Falle eines Hotfixes die Quality Gates für den Build übersprungen werden dürfen;NULL;NULL;NULL;NULL;NULL;2022-06-14 17:09:39.433;2
15200;com.atlassian.jira.plugin.system.customfieldtypes:textarea;com.atlassian.jira.plugin.system.customfieldtypes:textsearcher;Anmerkung;NULL;NULL;NULL;NULL;NULL;NULL;2022-08-16 11:00:44.603;2
15300;com.atlassian.jira.plugin.system.customfieldtypes:radiobuttons;com.atlassian.jira.plugin.system.customfieldtypes:multiselectsearcher;Undeploy;NULL;NULL;NULL;NULL;NULL;NULL;2025-01-09 14:15:22.340;22599
15301;com.okapya.jira.checklist:checklist;com.okapya.jira.checklist:checklist-searcher;Definition of Ready;;NULL;NULL;NULL;NULL;NULL;2025-01-13 17:29:07.200;21665
15302;com.okapya.jira.checklist:checklist;com.okapya.jira.checklist:checklist-searcher;Akzeptanzkriterien;;NULL;NULL;NULL;NULL;NULL;2025-01-13 17:29:07.200;16512
15400;com.atlassian.jira.plugin.system.customfieldtypes:textfield;com.atlassian.jira.plugin.system.customfieldtypes:textsearcher;Auftraggeber extern;für Auftraggeber ohne UserID;NULL;NULL;NULL;NULL;NULL;2025-01-07 18:15:18.267;96
15600;com.onresolve.jira.groovy.groovyrunner:multiple-issue-picker-cf;com.onresolve.jira.groovy.groovyrunner:configurablePickerSearcher;Initiative;mehrere Initiativen auswählbar;NULL;NULL;NULL;NULL;NULL;2024-03-13 09:49:44.877;197
15700;com.atlassian.jira.plugin.system.customfieldtypes:cascadingselect;com.atlassian.jira.plugin.system.customfieldtypes:cascadingselectsearcher;Risiko/Komplexität;NULL;NULL;NULL;NULL;NULL;NULL;2022-10-25 09:45:49.380;1
15800;com.atlassian.jira.plugin.system.customfieldtypes:textarea;com.atlassian.jira.plugin.system.customfieldtypes:textsearcher;Auswirkung / Konsequenz;NULL;NULL;NULL;NULL;NULL;NULL;2025-01-13 15:29:07.087;12709
15900;com.atlassian.jira.plugin.system.customfieldtypes:select;com.atlassian.jira.plugin.system.customfieldtypes:multiselectsearcher;Fehlerbehebung durch;NULL;NULL;NULL;NULL;NULL;NULL;2023-01-10 15:06:23.370;25
15901;com.atlassian.jira.plugin.system.customfieldtypes:select;com.atlassian.jira.plugin.system.customfieldtypes:multiselectsearcher;Ergebnis Recherche;NULL;NULL;NULL;NULL;NULL;NULL;2022-12-21 11:00:55.280;22
16000;com.atlassian.jira.plugin.system.customfieldtypes:datepicker;com.atlassian.jira.plugin.system.customfieldtypes:daterange;Startdatum;NULL;NULL;NULL;NULL;NULL;NULL;2025-01-13 16:29:07.140;1409
16100;com.atlassian.jira.plugin.system.customfieldtypes:select;com.atlassian.jira.plugin.system.customfieldtypes:multiselectsearcher;Fehlerursache;NULL;NULL;NULL;NULL;NULL;NULL;2025-01-13 13:29:06.980;8497
16101;com.atlassian.jira.plugin.system.customfieldtypes:multiversion;com.atlassian.jira.plugin.system.customfieldtypes:versionsearcher;geplantes Release;Bitte tragen Sie hier das Release ein, in dem die Story/der Fehler umgesetzt werden soll.;NULL;NULL;NULL;NULL;NULL;2025-01-13 16:29:07.140;9461
16200;com.okapya.jira.checklist:checklist;com.okapya.jira.checklist:checklist-searcher;Checkliste-Initiative;NULL;NULL;NULL;NULL;NULL;NULL;2023-10-26 11:10:25.480;54
16300;com.atlassian.jira.plugin.system.customfieldtypes:textfield;com.atlassian.jira.plugin.system.customfieldtypes:textsearcher;keycloak-client-id;NULL;NULL;NULL;NULL;NULL;NULL;2023-02-27 15:35:04.140;1
16301;com.atlassian.jira.plugin.system.customfieldtypes:radiobuttons;com.atlassian.jira.plugin.system.customfieldtypes:multiselectsearcher;keycloak-environment;NULL;NULL;NULL;NULL;NULL;NULL;NULL;1
16302;com.atlassian.jira.plugin.system.customfieldtypes:userpicker;com.atlassian.jira.plugin.system.customfieldtypes:userpickergroupsearcher;keycloak-owner-primary;NULL;NULL;NULL;NULL;NULL;NULL;2023-02-27 15:35:04.140;1
16303;com.atlassian.jira.plugin.system.customfieldtypes:userpicker;com.atlassian.jira.plugin.system.customfieldtypes:userpickergroupsearcher;keycloak-owner-secondary;NULL;NULL;NULL;NULL;NULL;NULL;2023-02-27 15:35:04.140;1
16305;com.atlassian.jira.plugin.system.customfieldtypes:select;com.atlassian.jira.plugin.system.customfieldtypes:multiselectsearcher;keycloak-realm;NULL;NULL;NULL;NULL;NULL;NULL;2023-02-27 15:35:04.140;1
16306;com.atlassian.jira.plugin.system.customfieldtypes:radiobuttons;com.atlassian.jira.plugin.system.customfieldtypes:multiselectsearcher;keycloak-stage;NULL;NULL;NULL;NULL;NULL;NULL;NULL;1
16401;com.atlassian.jira.plugin.system.customfieldtypes:select;com.atlassian.jira.plugin.system.customfieldtypes:multiselectsearcher;Gesamtstatus;NULL;NULL;NULL;NULL;NULL;NULL;2024-11-08 15:08:52.317;67
16402;com.okapya.jira.checklist:checklist;com.okapya.jira.checklist:checklist-searcher;Abnahme - Checklist;;NULL;NULL;NULL;NULL;NULL;2025-01-13 12:29:06.930;1125
16403;com.atlassian.jira.plugin.system.customfieldtypes:textarea;com.atlassian.jira.plugin.system.customfieldtypes:textsearcher;Abnahmebedingung/-einschränkung;NULL;NULL;NULL;NULL;NULL;NULL;2025-01-10 09:15:23.927;246
16404;com.atlassian.jira.plugin.system.customfieldtypes:textarea;com.atlassian.jira.plugin.system.customfieldtypes:textsearcher;Operativer Impact;NULL;NULL;NULL;NULL;NULL;NULL;2024-12-11 11:11:59.023;170
16500;com.atlassian.jira.plugin.system.customfieldtypes:float;com.atlassian.jira.plugin.system.customfieldtypes:exactnumber;SubPrio_alt;;NULL;NULL;NULL;NULL;NULL;2023-03-28 11:05:40.363;1
16501;com.atlassian.jira.plugin.system.customfieldtypes:select;com.atlassian.jira.plugin.system.customfieldtypes:multiselectsearcher;SubPrio;;NULL;NULL;NULL;NULL;NULL;2025-01-13 08:29:06.543;489
16600;com.atlassian.jira.plugin.system.customfieldtypes:select;com.atlassian.jira.plugin.system.customfieldtypes:multiselectsearcher;Sparten;NULL;NULL;NULL;NULL;NULL;NULL;2025-01-13 14:29:07.030;3915
16700;com.atlassian.jira.plugin.system.customfieldtypes:textarea;com.atlassian.jira.plugin.system.customfieldtypes:textsearcher;Config-Keys;NULL;NULL;NULL;NULL;NULL;NULL;2025-01-13 16:29:07.140;8224
16800;com.atlassian.jira.plugin.system.customfieldtypes:select;com.atlassian.jira.plugin.system.customfieldtypes:multiselectsearcher;Programm;NULL;NULL;NULL;NULL;NULL;NULL;2024-11-28 11:05:51.453;125
16900;com.okapya.jira.checklist:checklist;com.okapya.jira.checklist:checklist-searcher;Staging-Checkliste;NULL;NULL;NULL;NULL;NULL;NULL;2025-01-13 11:29:06.880;736
17000;com.atlassian.jira.plugin.system.customfieldtypes:select;com.atlassian.jira.plugin.system.customfieldtypes:multiselectsearcher;wait context;NULL;NULL;NULL;NULL;NULL;NULL;2025-01-13 16:29:07.140;45
17001;com.atlassian.jira.plugin.system.customfieldtypes:datepicker;com.atlassian.jira.plugin.system.customfieldtypes:daterange;Testbeginn TEST;NULL;NULL;NULL;NULL;NULL;NULL;2025-01-07 14:15:18.047;291
17002;com.atlassian.jira.plugin.system.customfieldtypes:datepicker;com.atlassian.jira.plugin.system.customfieldtypes:daterange;Testende TEST;NULL;NULL;NULL;NULL;NULL;NULL;2025-01-07 14:15:18.047;279
17003;com.atlassian.jira.plugin.system.customfieldtypes:select;com.atlassian.jira.plugin.system.customfieldtypes:multiselectsearcher;Qualität;NULL;NULL;NULL;NULL;NULL;NULL;2023-10-25 14:10:24.170;84786
17004;com.atlassian.jira.plugin.system.customfieldtypes:select;com.atlassian.jira.plugin.system.customfieldtypes:multiselectsearcher;Performance;NULL;NULL;NULL;NULL;NULL;NULL;2023-10-22 12:12:45.097;84784
17005;com.atlassian.jira.plugin.system.customfieldtypes:select;com.atlassian.jira.plugin.system.customfieldtypes:multiselectsearcher;Funktion;NULL;NULL;NULL;NULL;NULL;NULL;2023-10-25 14:10:24.170;84775
17101;com.atlassian.jira.plugin.system.customfieldtypes:multiselect;com.atlassian.jira.plugin.system.customfieldtypes:multiselectsearcher;Teamzuordnung;für AKAB, BTL und AMTECHST;NULL;NULL;NULL;NULL;NULL;2025-01-13 17:29:07.200;3116
17200;com.atlassian.jira.plugin.system.customfieldtypes:select;com.atlassian.jira.plugin.system.customfieldtypes:multiselectsearcher;Release-Typ;für Freigaben;NULL;NULL;NULL;NULL;NULL;2025-01-13 14:29:07.030;1159
17201;com.atlassian.jira.plugin.system.customfieldtypes:select;com.atlassian.jira.plugin.system.customfieldtypes:multiselectsearcher;Freigabe für;NULL;NULL;NULL;NULL;NULL;NULL;2025-01-13 14:29:07.030;1222
17202;com.atlassian.jira.plugin.system.customfieldtypes:select;com.atlassian.jira.plugin.system.customfieldtypes:multiselectsearcher;QG für Freigabe;NULL;NULL;NULL;NULL;NULL;NULL;2024-03-27 12:09:24.753;5
17300;com.atlassian.jira.plugin.system.customfieldtypes:float;com.atlassian.jira.plugin.system.customfieldtypes:exactnumber;Anzahl Reopen;NULL;NULL;NULL;NULL;NULL;NULL;2025-01-02 10:09:40.067;227
17401;com.atlassian.jira.plugin.system.customfieldtypes:project;com.atlassian.jira.plugin.system.customfieldtypes:projectsearcher;geplant in (Automation);für ADE zum Test;NULL;NULL;NULL;NULL;NULL;2025-01-10 13:15:24.307;69
17600;com.atlassian.jira.plugin.system.customfieldtypes:multicheckboxes;com.atlassian.jira.plugin.system.customfieldtypes:multiselectsearcher;Bestätigung;Verwerfen oder Ablehnen des Vorgangs bestätigen;NULL;NULL;NULL;NULL;NULL;NULL;0
17700;com.atlassian.jira.plugin.system.customfieldtypes:textarea;com.atlassian.jira.plugin.system.customfieldtypes:textsearcher;Begründung Zurückgestellt;NULL;NULL;NULL;NULL;NULL;NULL;NULL;1